{"ambient_air_temperature": 21, "vehicle_speed": 20, "throttle_position": 17.647058823529413, "time": "2022-01-22T15:38:44.733702Z", "runtime_since_engine_start": 1001, "engine_speed": 2664.5}