{"ambient_air_temperature": 27, "vehicle_speed": 7, "throttle_position": 12.156862745098039, "time": "2022-01-22T15:27:23.253644Z", "runtime_since_engine_start": 319, "engine_speed": 996.5}