{"ambient_air_temperature": 27, "vehicle_speed": 34, "throttle_position": 38.03921568627451, "time": "2022-01-22T15:24:40.706167Z", "runtime_since_engine_start": 157, "engine_speed": 2255.0}