{"ambient_air_temperature": 27, "vehicle_speed": 21, "throttle_position": 18.03921568627451, "time": "2022-01-22T15:31:39.646079Z", "runtime_since_engine_start": 576, "engine_speed": 1464.5}