{"ambient_air_temperature": 27, "vehicle_speed": 4, "throttle_position": 12.156862745098039, "time": "2022-01-22T15:27:13.277302Z", "runtime_since_engine_start": 309, "engine_speed": 851.5}