{"ambient_air_temperature": 23, "vehicle_speed": 19, "throttle_position": 15.294117647058822, "time": "2022-01-22T15:36:03.071272Z", "runtime_since_engine_start": 839, "engine_speed": 1316.5}