{"ambient_air_temperature": 24, "vehicle_speed": 29, "throttle_position": 35.294117647058826, "time": "2022-01-22T15:36:44.316052Z", "runtime_since_engine_start": 880, "engine_speed": 1933.0}