{"ambient_air_temperature": 27, "vehicle_speed": 32, "throttle_position": 16.470588235294116, "time": "2022-01-22T15:26:59.764585Z", "runtime_since_engine_start": 296, "engine_speed": 2155.5}