{"ambient_air_temperature": 22, "vehicle_speed": 33, "throttle_position": 86.27450980392156, "time": "2022-01-22T15:37:56.963281Z", "runtime_since_engine_start": 953, "engine_speed": 1508.0}