{"ambient_air_temperature": 23, "vehicle_speed": 42, "throttle_position": 13.333333333333334, "time": "2022-01-22T15:37:09.545162Z", "runtime_since_engine_start": 906, "engine_speed": 2322.5}