{"ambient_air_temperature": 27, "vehicle_speed": 0, "throttle_position": 12.156862745098039, "time": "2022-01-22T15:30:25.686267Z", "runtime_since_engine_start": 502, "engine_speed": 835.5}