{"ambient_air_temperature": 23, "vehicle_speed": 19, "throttle_position": 11.76470588235294, "time": "2022-01-22T15:36:17.478953Z", "runtime_since_engine_start": 854, "engine_speed": 1265.5}