{"ambient_air_temperature": 27, "vehicle_speed": 39, "throttle_position": 16.862745098039216, "time": "2022-01-22T15:31:07.201675Z", "runtime_since_engine_start": 543, "engine_speed": 2607.0}