{"ambient_air_temperature": 27, "vehicle_speed": 24, "throttle_position": 17.254901960784313, "time": "2022-01-22T15:23:18.980878Z", "runtime_since_engine_start": 75, "engine_speed": 1090.0}