{"ambient_air_temperature": 27, "vehicle_speed": 39, "throttle_position": 16.07843137254902, "time": "2022-01-22T15:25:19.390006Z", "runtime_since_engine_start": 195, "engine_speed": 1375.5}