{"ambient_air_temperature": 25, "vehicle_speed": 39, "throttle_position": 21.96078431372549, "time": "2022-01-22T15:32:52.851907Z", "runtime_since_engine_start": 649, "engine_speed": 1805.0}