{"ambient_air_temperature": 21, "vehicle_speed": 42, "throttle_position": 12.156862745098039, "time": "2022-01-22T15:38:32.472579Z", "runtime_since_engine_start": 989, "engine_speed": 829.0}