{"ambient_air_temperature": 27, "vehicle_speed": 34, "throttle_position": 14.117647058823529, "time": "2022-01-22T15:28:41.700737Z", "runtime_since_engine_start": 398, "engine_speed": 1120.5}