{"ambient_air_temperature": 27, "vehicle_speed": 2, "throttle_position": 12.156862745098039, "time": "2022-01-22T15:30:18.770621Z", "runtime_since_engine_start": 495, "engine_speed": 832.5}