{"ambient_air_temperature": 27, "vehicle_speed": 24, "throttle_position": 11.76470588235294, "time": "2022-01-22T15:30:07.383844Z", "runtime_since_engine_start": 483, "engine_speed": 1461.0}