{"ambient_air_temperature": 23, "vehicle_speed": 34, "throttle_position": 13.333333333333334, "time": "2022-01-22T15:36:55.093727Z", "runtime_since_engine_start": 891, "engine_speed": 2231.5}