{"ambient_air_temperature": 23, "vehicle_speed": 23, "throttle_position": 16.470588235294116, "time": "2022-01-22T15:36:09.370485Z", "runtime_since_engine_start": 845, "engine_speed": 1569.5}