{"ambient_air_temperature": 25, "vehicle_speed": 44, "throttle_position": 16.07843137254902, "time": "2022-01-22T15:34:34.316998Z", "runtime_since_engine_start": 750, "engine_speed": 1976.5}