{"ambient_air_temperature": 25, "vehicle_speed": 39, "throttle_position": 10.588235294117647, "time": "2022-01-22T15:34:14.262701Z", "runtime_since_engine_start": 730, "engine_speed": 1754.0}