{"ambient_air_temperature": 23, "vehicle_speed": 24, "throttle_position": 18.823529411764707, "time": "2022-01-22T15:36:10.501087Z", "runtime_since_engine_start": 847, "engine_speed": 1612.5}