{"ambient_air_temperature": 26, "vehicle_speed": 45, "throttle_position": 14.509803921568627, "time": "2022-01-22T15:31:50.890203Z", "runtime_since_engine_start": 587, "engine_speed": 2688.5}