{"ambient_air_temperature": 27, "vehicle_speed": 45, "throttle_position": 11.76470588235294, "time": "2022-01-22T15:25:31.819258Z", "runtime_since_engine_start": 208, "engine_speed": 1578.0}