{"ambient_air_temperature": 25, "vehicle_speed": 44, "throttle_position": 13.72549019607843, "time": "2022-01-22T15:34:36.183672Z", "runtime_since_engine_start": 752, "engine_speed": 1977.5}