{"ambient_air_temperature": 22, "vehicle_speed": 48, "throttle_position": 14.509803921568627, "time": "2022-01-22T15:37:51.391542Z", "runtime_since_engine_start": 947, "engine_speed": 2153.0}