{"ambient_air_temperature": 21, "vehicle_speed": 20, "throttle_position": 13.333333333333334, "time": "2022-01-22T15:38:44.379128Z", "runtime_since_engine_start": 1000, "engine_speed": 2442.0}