{"ambient_air_temperature": 27, "vehicle_speed": 17, "throttle_position": 19.607843137254903, "time": "2022-01-22T15:27:40.661145Z", "runtime_since_engine_start": 337, "engine_speed": 2125.0}