{"ambient_air_temperature": 27, "vehicle_speed": 7, "throttle_position": 15.294117647058822, "time": "2022-01-22T15:27:20.362886Z", "runtime_since_engine_start": 316, "engine_speed": 871.5}