{"ambient_air_temperature": 26, "vehicle_speed": 44, "throttle_position": 12.549019607843137, "time": "2022-01-22T15:32:07.174250Z", "runtime_since_engine_start": 603, "engine_speed": 1038.5}