{"ambient_air_temperature": 27, "vehicle_speed": 23, "throttle_position": 14.117647058823529, "time": "2022-01-22T15:29:55.278939Z", "runtime_since_engine_start": 471, "engine_speed": 2784.0}