{"ambient_air_temperature": 24, "vehicle_speed": 21, "throttle_position": 12.156862745098039, "time": "2022-01-22T15:35:23.754752Z", "runtime_since_engine_start": 800, "engine_speed": 854.5}