{"ambient_air_temperature": 27, "vehicle_speed": 38, "throttle_position": 22.352941176470587, "time": "2022-01-22T15:31:47.153034Z", "runtime_since_engine_start": 583, "engine_speed": 2556.5}