{"ambient_air_temperature": 26, "vehicle_speed": 0, "throttle_position": 21.176470588235293, "time": "2022-01-22T15:32:38.354073Z", "runtime_since_engine_start": 634, "engine_speed": 844.0}