{"ambient_air_temperature": 27, "vehicle_speed": 5, "throttle_position": 17.647058823529413, "time": "2022-01-22T15:27:37.044579Z", "runtime_since_engine_start": 333, "engine_speed": 1018.5}