{"ambient_air_temperature": 24, "vehicle_speed": 7, "throttle_position": 71.37254901960785, "time": "2022-01-22T15:36:39.086628Z", "runtime_since_engine_start": 875, "engine_speed": 2377.5}