{"ambient_air_temperature": 21, "vehicle_speed": 11, "throttle_position": 11.76470588235294, "time": "2022-01-22T15:39:04.596116Z", "runtime_since_engine_start": 1021, "engine_speed": 839.0}