{"ambient_air_temperature": 27, "vehicle_speed": 54, "throttle_position": 27.84313725490196, "time": "2022-01-22T15:24:51.772159Z", "runtime_since_engine_start": 168, "engine_speed": 2439.5}