{"ambient_air_temperature": 27, "vehicle_speed": 24, "throttle_position": 23.137254901960784, "time": "2022-01-22T15:31:42.434843Z", "runtime_since_engine_start": 578, "engine_speed": 1611.5}