{"ambient_air_temperature": 27, "vehicle_speed": 35, "throttle_position": 24.705882352941178, "time": "2022-01-22T15:31:45.685454Z", "runtime_since_engine_start": 582, "engine_speed": 2314.0}