{"ambient_air_temperature": 27, "vehicle_speed": 9, "throttle_position": 15.686274509803921, "time": "2022-01-22T15:27:38.499040Z", "runtime_since_engine_start": 335, "engine_speed": 2170.5}