{"ambient_air_temperature": 24, "vehicle_speed": 48, "throttle_position": 29.019607843137255, "time": "2022-01-22T15:35:39.350202Z", "runtime_since_engine_start": 815, "engine_speed": 2626.5}