{"ambient_air_temperature": 27, "vehicle_speed": 32, "throttle_position": 13.72549019607843, "time": "2022-01-22T15:30:39.552088Z", "runtime_since_engine_start": 516, "engine_speed": 2128.0}