{"ambient_air_temperature": 21, "vehicle_speed": 11, "throttle_position": 13.333333333333334, "time": "2022-01-22T15:39:09.446937Z", "runtime_since_engine_start": 1025, "engine_speed": 1361.5}