{"ambient_air_temperature": 27, "vehicle_speed": 39, "throttle_position": 14.509803921568627, "time": "2022-01-22T15:29:10.538331Z", "runtime_since_engine_start": 427, "engine_speed": 1763.5}