{"ambient_air_temperature": 21, "vehicle_speed": 64, "throttle_position": 12.156862745098039, "time": "2022-01-22T15:38:27.262496Z", "runtime_since_engine_start": 983, "engine_speed": 1074.5}