{"ambient_air_temperature": 27, "vehicle_speed": 21, "throttle_position": 12.156862745098039, "time": "2022-01-22T15:30:11.004856Z", "runtime_since_engine_start": 487, "engine_speed": 855.5}