{"ambient_air_temperature": 21, "vehicle_speed": 57, "throttle_position": 21.56862745098039, "time": "2022-01-22T15:38:11.965629Z", "runtime_since_engine_start": 968, "engine_speed": 2594.0}