{"ambient_air_temperature": 24, "vehicle_speed": 6, "throttle_position": 11.76470588235294, "time": "2022-01-22T15:36:36.773259Z", "runtime_since_engine_start": 873, "engine_speed": 858.0}