{"ambient_air_temperature": 27, "vehicle_speed": 14, "throttle_position": 11.76470588235294, "time": "2022-01-22T15:24:33.648462Z", "runtime_since_engine_start": 150, "engine_speed": 925.0}