{"ambient_air_temperature": 21, "vehicle_speed": 18, "throttle_position": 12.549019607843137, "time": "2022-01-22T15:39:01.492117Z", "runtime_since_engine_start": 1018, "engine_speed": 852.0}