{"ambient_air_temperature": 22, "vehicle_speed": 54, "throttle_position": 18.823529411764707, "time": "2022-01-22T15:37:45.011094Z", "runtime_since_engine_start": 941, "engine_speed": 2439.5}