{"ambient_air_temperature": 24, "vehicle_speed": 43, "throttle_position": 23.52941176470588, "time": "2022-01-22T15:37:17.201786Z", "runtime_since_engine_start": 913, "engine_speed": 1934.0}