{"ambient_air_temperature": 27, "vehicle_speed": 40, "throttle_position": 17.647058823529413, "time": "2022-01-22T15:31:11.919460Z", "runtime_since_engine_start": 548, "engine_speed": 2654.5}