{"ambient_air_temperature": 27, "vehicle_speed": 8, "throttle_position": 12.156862745098039, "time": "2022-01-22T15:27:22.180587Z", "runtime_since_engine_start": 318, "engine_speed": 1034.5}