{"ambient_air_temperature": 27, "vehicle_speed": 25, "throttle_position": 11.76470588235294, "time": "2022-01-22T15:23:17.594197Z", "runtime_since_engine_start": 74, "engine_speed": 1161.0}