{"ambient_air_temperature": 21, "vehicle_speed": 59, "throttle_position": 12.156862745098039, "time": "2022-01-22T15:38:29.108838Z", "runtime_since_engine_start": 985, "engine_speed": 898.5}