{"ambient_air_temperature": 24, "vehicle_speed": 21, "throttle_position": 13.72549019607843, "time": "2022-01-22T15:35:27.839907Z", "runtime_since_engine_start": 804, "engine_speed": 1330.0}