{"ambient_air_temperature": 26, "vehicle_speed": 44, "throttle_position": 12.941176470588236, "time": "2022-01-22T15:31:51.634561Z", "runtime_since_engine_start": 588, "engine_speed": 1877.0}