{"ambient_air_temperature": 27, "vehicle_speed": 41, "throttle_position": 15.294117647058822, "time": "2022-01-22T15:31:16.033272Z", "runtime_since_engine_start": 552, "engine_speed": 2714.5}