{"ambient_air_temperature": 23, "vehicle_speed": 54, "throttle_position": 22.745098039215687, "time": "2022-01-22T15:37:39.391876Z", "runtime_since_engine_start": 935, "engine_speed": 2426.5}