{"ambient_air_temperature": 24, "vehicle_speed": 48, "throttle_position": 19.215686274509803, "time": "2022-01-22T15:35:38.212521Z", "runtime_since_engine_start": 814, "engine_speed": 3194.5}