{"ambient_air_temperature": 27, "vehicle_speed": 8, "throttle_position": 12.156862745098039, "time": "2022-01-22T15:27:22.877510Z", "runtime_since_engine_start": 319, "engine_speed": 1057.0}