{"ambient_air_temperature": 27, "vehicle_speed": 44, "throttle_position": 14.117647058823529, "time": "2022-01-22T15:25:36.957665Z", "runtime_since_engine_start": 213, "engine_speed": 1550.0}