{"ambient_air_temperature": 27, "vehicle_speed": 34, "throttle_position": 15.686274509803921, "time": "2022-01-22T15:28:50.573773Z", "runtime_since_engine_start": 407, "engine_speed": 1564.0}