{"ambient_air_temperature": 27, "vehicle_speed": 20, "throttle_position": 24.313725490196077, "time": "2022-01-22T15:29:54.538180Z", "runtime_since_engine_start": 471, "engine_speed": 2545.5}