{"ambient_air_temperature": 27, "vehicle_speed": 0, "throttle_position": 19.607843137254903, "time": "2022-01-22T15:29:34.484796Z", "runtime_since_engine_start": 451, "engine_speed": 1713.5}