{"ambient_air_temperature": 24, "vehicle_speed": 50, "throttle_position": 17.254901960784313, "time": "2022-01-22T15:32:58.059895Z", "runtime_since_engine_start": 654, "engine_speed": 2271.5}