{"ambient_air_temperature": 24, "vehicle_speed": 44, "throttle_position": 18.823529411764707, "time": "2022-01-22T15:37:11.401371Z", "runtime_since_engine_start": 907, "engine_speed": 2008.0}