{"ambient_air_temperature": 27, "vehicle_speed": 18, "throttle_position": 16.07843137254902, "time": "2022-01-22T15:28:31.930118Z", "runtime_since_engine_start": 388, "engine_speed": 2206.5}