{"ambient_air_temperature": 21, "vehicle_speed": 57, "throttle_position": 27.84313725490196, "time": "2022-01-22T15:38:07.904284Z", "runtime_since_engine_start": 964, "engine_speed": 2591.0}