{"ambient_air_temperature": 22, "vehicle_speed": 40, "throttle_position": 12.549019607843137, "time": "2022-01-22T15:37:53.274243Z", "runtime_since_engine_start": 949, "engine_speed": 1778.0}