{"ambient_air_temperature": 23, "vehicle_speed": 23, "throttle_position": 14.509803921568627, "time": "2022-01-22T15:36:09.005020Z", "runtime_since_engine_start": 845, "engine_speed": 1567.0}