{"ambient_air_temperature": 27, "vehicle_speed": 20, "throttle_position": 23.92156862745098, "time": "2022-01-22T15:24:37.388416Z", "runtime_since_engine_start": 153, "engine_speed": 1349.0}