{"ambient_air_temperature": 25, "vehicle_speed": 51, "throttle_position": 18.431372549019606, "time": "2022-01-22T15:33:02.069414Z", "runtime_since_engine_start": 658, "engine_speed": 2322.0}