{"ambient_air_temperature": 21, "vehicle_speed": 56, "throttle_position": 14.509803921568627, "time": "2022-01-22T15:38:09.392771Z", "runtime_since_engine_start": 965, "engine_speed": 2559.0}