{"ambient_air_temperature": 22, "vehicle_speed": 46, "throttle_position": 12.941176470588236, "time": "2022-01-22T15:37:52.142262Z", "runtime_since_engine_start": 948, "engine_speed": 2040.0}