{"ambient_air_temperature": 21, "vehicle_speed": 61, "throttle_position": 18.431372549019606, "time": "2022-01-22T15:38:22.764374Z", "runtime_since_engine_start": 979, "engine_speed": 2127.0}