{"ambient_air_temperature": 26, "vehicle_speed": 11, "throttle_position": 16.862745098039216, "time": "2022-01-22T15:22:51.253849Z", "runtime_since_engine_start": 47, "engine_speed": 1476.0}