{"ambient_air_temperature": 27, "vehicle_speed": 21, "throttle_position": 24.313725490196077, "time": "2022-01-22T15:24:37.749251Z", "runtime_since_engine_start": 154, "engine_speed": 1464.0}