{"ambient_air_temperature": 25, "vehicle_speed": 49, "throttle_position": 15.686274509803921, "time": "2022-01-22T15:34:25.847246Z", "runtime_since_engine_start": 742, "engine_speed": 2221.0}