{"ambient_air_temperature": 27, "vehicle_speed": 38, "throttle_position": 12.941176470588236, "time": "2022-01-22T15:23:11.746959Z", "runtime_since_engine_start": 68, "engine_speed": 1727.0}