{"ambient_air_temperature": 27, "vehicle_speed": 44, "throttle_position": 15.294117647058822, "time": "2022-01-22T15:25:36.574230Z", "runtime_since_engine_start": 213, "engine_speed": 1552.0}