{"ambient_air_temperature": 25, "vehicle_speed": 3, "throttle_position": 12.156862745098039, "time": "2022-01-22T15:33:18.120445Z", "runtime_since_engine_start": 674, "engine_speed": 831.0}