{"ambient_air_temperature": 27, "vehicle_speed": 41, "throttle_position": 24.313725490196077, "time": "2022-01-22T15:25:29.209927Z", "runtime_since_engine_start": 205, "engine_speed": 1435.5}