{"ambient_air_temperature": 21, "vehicle_speed": 22, "throttle_position": 12.156862745098039, "time": "2022-01-22T15:38:35.083748Z", "runtime_since_engine_start": 991, "engine_speed": 840.5}