{"ambient_air_temperature": 27, "vehicle_speed": 43, "throttle_position": 17.254901960784313, "time": "2022-01-22T15:25:35.488281Z", "runtime_since_engine_start": 211, "engine_speed": 1539.0}