{"ambient_air_temperature": 27, "vehicle_speed": 26, "throttle_position": 16.862745098039216, "time": "2022-01-22T15:30:01.386893Z", "runtime_since_engine_start": 477, "engine_speed": 1816.5}