{"ambient_air_temperature": 27, "vehicle_speed": 39, "throttle_position": 16.07843137254902, "time": "2022-01-22T15:31:19.292363Z", "runtime_since_engine_start": 555, "engine_speed": 2612.5}