{"ambient_air_temperature": 24, "vehicle_speed": 44, "throttle_position": 22.352941176470587, "time": "2022-01-22T15:37:27.482014Z", "runtime_since_engine_start": 924, "engine_speed": 2031.0}