{"ambient_air_temperature": 27, "vehicle_speed": 33, "throttle_position": 16.07843137254902, "time": "2022-01-22T15:28:55.076487Z", "runtime_since_engine_start": 411, "engine_speed": 1510.0}