{"ambient_air_temperature": 24, "vehicle_speed": 51, "throttle_position": 16.07843137254902, "time": "2022-01-22T15:35:07.718168Z", "runtime_since_engine_start": 784, "engine_speed": 2329.5}