{"ambient_air_temperature": 22, "vehicle_speed": 44, "throttle_position": 12.941176470588236, "time": "2022-01-22T15:37:52.516155Z", "runtime_since_engine_start": 949, "engine_speed": 1976.5}