{"ambient_air_temperature": 25, "vehicle_speed": 19, "throttle_position": 20.784313725490197, "time": "2022-01-22T15:34:54.566118Z", "runtime_since_engine_start": 771, "engine_speed": 1313.5}