{"ambient_air_temperature": 27, "vehicle_speed": 35, "throttle_position": 11.76470588235294, "time": "2022-01-22T15:25:11.300778Z", "runtime_since_engine_start": 187, "engine_speed": 1253.0}