{"ambient_air_temperature": 27, "vehicle_speed": 12, "throttle_position": 17.254901960784313, "time": "2022-01-22T15:30:29.611433Z", "runtime_since_engine_start": 506, "engine_speed": 1497.5}