{"ambient_air_temperature": 25, "vehicle_speed": 39, "throttle_position": 36.470588235294116, "time": "2022-01-22T15:34:58.959733Z", "runtime_since_engine_start": 775, "engine_speed": 2591.0}