{"ambient_air_temperature": 25, "vehicle_speed": 20, "throttle_position": 22.745098039215687, "time": "2022-01-22T15:34:54.939992Z", "runtime_since_engine_start": 771, "engine_speed": 1383.5}