{"ambient_air_temperature": 26, "vehicle_speed": 49, "throttle_position": 18.823529411764707, "time": "2022-01-22T15:32:02.051764Z", "runtime_since_engine_start": 598, "engine_speed": 2244.5}