{"ambient_air_temperature": 27, "vehicle_speed": 37, "throttle_position": 12.549019607843137, "time": "2022-01-22T15:23:12.498454Z", "runtime_since_engine_start": 69, "engine_speed": 1675.5}