{"ambient_air_temperature": 27, "vehicle_speed": 31, "throttle_position": 19.215686274509803, "time": "2022-01-22T15:30:38.786124Z", "runtime_since_engine_start": 515, "engine_speed": 2101.5}