{"ambient_air_temperature": 24, "vehicle_speed": 14, "throttle_position": 11.76470588235294, "time": "2022-01-22T15:36:34.957859Z", "runtime_since_engine_start": 871, "engine_speed": 1645.0}