{"ambient_air_temperature": 24, "vehicle_speed": 21, "throttle_position": 11.76470588235294, "time": "2022-01-22T15:35:28.941913Z", "runtime_since_engine_start": 805, "engine_speed": 1430.5}