{"ambient_air_temperature": 27, "vehicle_speed": 51, "throttle_position": 24.313725490196077, "time": "2022-01-22T15:24:46.974891Z", "runtime_since_engine_start": 163, "engine_speed": 2318.0}