{"ambient_air_temperature": 27, "vehicle_speed": 7, "throttle_position": 14.901960784313726, "time": "2022-01-22T15:27:21.039966Z", "runtime_since_engine_start": 317, "engine_speed": 956.5}