{"ambient_air_temperature": 26, "vehicle_speed": 35, "throttle_position": 37.254901960784316, "time": "2022-01-22T15:32:48.405832Z", "runtime_since_engine_start": 644, "engine_speed": 2318.5}