{"ambient_air_temperature": 27, "vehicle_speed": 38, "throttle_position": 14.117647058823529, "time": "2022-01-22T15:29:13.787557Z", "runtime_since_engine_start": 430, "engine_speed": 1720.5}