{"ambient_air_temperature": 26, "vehicle_speed": 7, "throttle_position": 23.52941176470588, "time": "2022-01-22T15:33:53.897183Z", "runtime_since_engine_start": 710, "engine_speed": 1652.0}