{"ambient_air_temperature": 25, "vehicle_speed": 0, "throttle_position": 14.117647058823529, "time": "2022-01-22T15:22:29.827675Z", "runtime_since_engine_start": 26, "engine_speed": 776.0}