{"ambient_air_temperature": 26, "vehicle_speed": 18, "throttle_position": 20.392156862745097, "time": "2022-01-22T15:33:57.307220Z", "runtime_since_engine_start": 713, "engine_speed": 1300.0}