{"ambient_air_temperature": 27, "vehicle_speed": 18, "throttle_position": 18.823529411764707, "time": "2022-01-22T15:29:53.817202Z", "runtime_since_engine_start": 470, "engine_speed": 2264.0}