{"ambient_air_temperature": 23, "vehicle_speed": 18, "throttle_position": 11.372549019607844, "time": "2022-01-22T15:36:17.855975Z", "runtime_since_engine_start": 854, "engine_speed": 1219.0}