{"ambient_air_temperature": 24, "vehicle_speed": 52, "throttle_position": 13.333333333333334, "time": "2022-01-22T15:35:05.893163Z", "runtime_since_engine_start": 782, "engine_speed": 2371.5}