{"ambient_air_temperature": 27, "vehicle_speed": 38, "throttle_position": 18.823529411764707, "time": "2022-01-22T15:29:09.454770Z", "runtime_since_engine_start": 425, "engine_speed": 1744.0}