{"ambient_air_temperature": 27, "vehicle_speed": 33, "throttle_position": 13.333333333333334, "time": "2022-01-22T15:28:40.622119Z", "runtime_since_engine_start": 397, "engine_speed": 2256.0}