{"ambient_air_temperature": 27, "vehicle_speed": 39, "throttle_position": 12.156862745098039, "time": "2022-01-22T15:25:07.637523Z", "runtime_since_engine_start": 184, "engine_speed": 1372.0}