{"ambient_air_temperature": 27, "vehicle_speed": 40, "throttle_position": 13.72549019607843, "time": "2022-01-22T15:25:43.454758Z", "runtime_since_engine_start": 219, "engine_speed": 1427.5}