{"ambient_air_temperature": 25, "vehicle_speed": 33, "throttle_position": 12.156862745098039, "time": "2022-01-22T15:34:49.711521Z", "runtime_since_engine_start": 766, "engine_speed": 1478.0}