{"ambient_air_temperature": 23, "vehicle_speed": 42, "throttle_position": 19.215686274509803, "time": "2022-01-22T15:37:09.935074Z", "runtime_since_engine_start": 906, "engine_speed": 1824.0}