{"ambient_air_temperature": 24, "vehicle_speed": 25, "throttle_position": 12.156862745098039, "time": "2022-01-22T15:35:21.532477Z", "runtime_since_engine_start": 798, "engine_speed": 864.5}