{"ambient_air_temperature": 25, "vehicle_speed": 18, "throttle_position": 14.509803921568627, "time": "2022-01-22T15:34:53.407645Z", "runtime_since_engine_start": 769, "engine_speed": 1267.0}