{"ambient_air_temperature": 22, "vehicle_speed": 52, "throttle_position": 19.607843137254903, "time": "2022-01-22T15:37:48.022069Z", "runtime_since_engine_start": 944, "engine_speed": 2371.0}