{"ambient_air_temperature": 27, "vehicle_speed": 17, "throttle_position": 11.372549019607844, "time": "2022-01-22T15:29:37.329870Z", "runtime_since_engine_start": 453, "engine_speed": 2185.5}