{"ambient_air_temperature": 27, "vehicle_speed": 37, "throttle_position": 12.941176470588236, "time": "2022-01-22T15:26:56.559765Z", "runtime_since_engine_start": 293, "engine_speed": 2467.5}