{"ambient_air_temperature": 22, "vehicle_speed": 53, "throttle_position": 21.176470588235293, "time": "2022-01-22T15:37:46.912191Z", "runtime_since_engine_start": 943, "engine_speed": 2392.0}