{"ambient_air_temperature": 26, "vehicle_speed": 28, "throttle_position": 36.470588235294116, "time": "2022-01-22T15:32:46.939287Z", "runtime_since_engine_start": 643, "engine_speed": 1909.0}