{"ambient_air_temperature": 27, "vehicle_speed": 0, "throttle_position": 13.72549019607843, "time": "2022-01-22T15:26:31.690744Z", "runtime_since_engine_start": 268, "engine_speed": 1110.0}