{"ambient_air_temperature": 22, "vehicle_speed": 52, "throttle_position": 23.137254901960784, "time": "2022-01-22T15:35:52.290698Z", "runtime_since_engine_start": 828, "engine_speed": 2356.5}