{"ambient_air_temperature": 27, "vehicle_speed": 19, "throttle_position": 22.352941176470587, "time": "2022-01-22T15:29:54.167615Z", "runtime_since_engine_start": 470, "engine_speed": 2370.0}