{"ambient_air_temperature": 25, "vehicle_speed": 42, "throttle_position": 85.49019607843137, "time": "2022-01-22T15:32:54.320686Z", "runtime_since_engine_start": 650, "engine_speed": 1930.0}