{"ambient_air_temperature": 23, "vehicle_speed": 51, "throttle_position": 17.647058823529413, "time": "2022-01-22T15:37:35.574957Z", "runtime_since_engine_start": 932, "engine_speed": 2325.0}