{"ambient_air_temperature": 27, "vehicle_speed": 41, "throttle_position": 18.03921568627451, "time": "2022-01-22T15:31:12.690119Z", "runtime_since_engine_start": 549, "engine_speed": 2703.5}