{"ambient_air_temperature": 27, "vehicle_speed": 52, "throttle_position": 18.431372549019606, "time": "2022-01-22T15:24:50.644843Z", "runtime_since_engine_start": 167, "engine_speed": 2374.5}