{"ambient_air_temperature": 27, "vehicle_speed": 26, "throttle_position": 16.470588235294116, "time": "2022-01-22T15:29:44.348609Z", "runtime_since_engine_start": 460, "engine_speed": 1777.0}