{"ambient_air_temperature": 21, "vehicle_speed": 6, "throttle_position": 16.470588235294116, "time": "2022-01-22T15:39:07.225178Z", "runtime_since_engine_start": 1023, "engine_speed": 881.5}