{"ambient_air_temperature": 27, "vehicle_speed": 35, "throttle_position": 16.862745098039216, "time": "2022-01-22T15:30:59.840909Z", "runtime_since_engine_start": 536, "engine_speed": 2298.5}