{"ambient_air_temperature": 26, "vehicle_speed": 10, "throttle_position": 12.156862745098039, "time": "2022-01-22T15:22:45.223677Z", "runtime_since_engine_start": 41, "engine_speed": 1332.0}