{"ambient_air_temperature": 27, "vehicle_speed": 17, "throttle_position": 29.41176470588235, "time": "2022-01-22T15:26:51.764465Z", "runtime_since_engine_start": 288, "engine_speed": 2180.0}