{"ambient_air_temperature": 27, "vehicle_speed": 31, "throttle_position": 12.549019607843137, "time": "2022-01-22T15:29:22.373689Z", "runtime_since_engine_start": 438, "engine_speed": 1086.0}