{"ambient_air_temperature": 21, "vehicle_speed": 8, "throttle_position": 10.588235294117647, "time": "2022-01-22T15:39:12.069392Z", "runtime_since_engine_start": 1028, "engine_speed": 1021.5}