{"ambient_air_temperature": 27, "vehicle_speed": 35, "throttle_position": 12.156862745098039, "time": "2022-01-22T15:28:46.982995Z", "runtime_since_engine_start": 403, "engine_speed": 1601.0}