{"ambient_air_temperature": 24, "vehicle_speed": 53, "throttle_position": 13.333333333333334, "time": "2022-01-22T15:35:05.150350Z", "runtime_since_engine_start": 781, "engine_speed": 2396.0}