{"ambient_air_temperature": 24, "vehicle_speed": 16, "throttle_position": 10.980392156862745, "time": "2022-01-22T15:35:30.774622Z", "runtime_since_engine_start": 807, "engine_speed": 1075.5}