{"ambient_air_temperature": 27, "vehicle_speed": 42, "throttle_position": 18.03921568627451, "time": "2022-01-22T15:25:00.791531Z", "runtime_since_engine_start": 177, "engine_speed": 1507.0}