{"ambient_air_temperature": 24, "vehicle_speed": 0, "throttle_position": 25.098039215686274, "time": "2022-01-22T15:36:30.211813Z", "runtime_since_engine_start": 866, "engine_speed": 1720.5}