{"ambient_air_temperature": 27, "vehicle_speed": 40, "throttle_position": 23.92156862745098, "time": "2022-01-22T15:25:28.829686Z", "runtime_since_engine_start": 205, "engine_speed": 1421.5}