{"ambient_air_temperature": 27, "vehicle_speed": 36, "throttle_position": 25.098039215686274, "time": "2022-01-22T15:29:08.117679Z", "runtime_since_engine_start": 424, "engine_speed": 1622.5}