{"ambient_air_temperature": 23, "vehicle_speed": 22, "throttle_position": 17.254901960784313, "time": "2022-01-22T15:36:06.711009Z", "runtime_since_engine_start": 843, "engine_speed": 1486.0}