{"ambient_air_temperature": 27, "vehicle_speed": 0, "throttle_position": 17.647058823529413, "time": "2022-01-22T15:26:46.360867Z", "runtime_since_engine_start": 282, "engine_speed": 1646.0}