{"ambient_air_temperature": 23, "vehicle_speed": 26, "throttle_position": 14.901960784313726, "time": "2022-01-22T15:36:12.770211Z", "runtime_since_engine_start": 849, "engine_speed": 1769.5}