{"ambient_air_temperature": 22, "vehicle_speed": 51, "throttle_position": 12.156862745098039, "time": "2022-01-22T15:35:53.030976Z", "runtime_since_engine_start": 829, "engine_speed": 2301.0}