{"ambient_air_temperature": 21, "vehicle_speed": 59, "throttle_position": 15.686274509803921, "time": "2022-01-22T15:38:14.907882Z", "runtime_since_engine_start": 971, "engine_speed": 2654.0}