{"ambient_air_temperature": 27, "vehicle_speed": 29, "throttle_position": 25.49019607843137, "time": "2022-01-22T15:31:44.272390Z", "runtime_since_engine_start": 580, "engine_speed": 1988.0}