{"ambient_air_temperature": 27, "vehicle_speed": 26, "throttle_position": 18.03921568627451, "time": "2022-01-22T15:29:44.729809Z", "runtime_since_engine_start": 461, "engine_speed": 1756.0}