{"ambient_air_temperature": 26, "vehicle_speed": 45, "throttle_position": 19.215686274509803, "time": "2022-01-22T15:31:54.242827Z", "runtime_since_engine_start": 590, "engine_speed": 2066.5}