{"ambient_air_temperature": 21, "vehicle_speed": 28, "throttle_position": 11.76470588235294, "time": "2022-01-22T15:38:34.339658Z", "runtime_since_engine_start": 990, "engine_speed": 847.5}