{"ambient_air_temperature": 27, "vehicle_speed": 42, "throttle_position": 14.901960784313726, "time": "2022-01-22T15:25:00.082897Z", "runtime_since_engine_start": 176, "engine_speed": 1491.5}