{"ambient_air_temperature": 27, "vehicle_speed": 0, "throttle_position": 12.549019607843137, "time": "2022-01-22T15:26:12.748306Z", "runtime_since_engine_start": 249, "engine_speed": 841.5}