{"ambient_air_temperature": 24, "vehicle_speed": 21, "throttle_position": 80.3921568627451, "time": "2022-01-22T15:36:42.508892Z", "runtime_since_engine_start": 879, "engine_speed": 1453.0}