{"ambient_air_temperature": 21, "vehicle_speed": 39, "throttle_position": 12.549019607843137, "time": "2022-01-22T15:38:58.087103Z", "runtime_since_engine_start": 1014, "engine_speed": 939.5}