{"ambient_air_temperature": 27, "vehicle_speed": 7, "throttle_position": 14.117647058823529, "time": "2022-01-22T15:27:20.003733Z", "runtime_since_engine_start": 316, "engine_speed": 907.5}