{"ambient_air_temperature": 25, "vehicle_speed": 9, "throttle_position": 11.76470588235294, "time": "2022-01-22T15:22:38.699922Z", "runtime_since_engine_start": 35, "engine_speed": 1167.0}