{"ambient_air_temperature": 23, "vehicle_speed": 19, "throttle_position": 22.352941176470587, "time": "2022-01-22T15:36:05.587366Z", "runtime_since_engine_start": 842, "engine_speed": 1308.5}