{"ambient_air_temperature": 27, "vehicle_speed": 19, "throttle_position": 19.607843137254903, "time": "2022-01-22T15:31:38.890226Z", "runtime_since_engine_start": 575, "engine_speed": 1444.0}