{"ambient_air_temperature": 25, "vehicle_speed": 0, "throttle_position": 13.333333333333334, "time": "2022-01-22T15:22:30.938650Z", "runtime_since_engine_start": 27, "engine_speed": 1007.0}