{"ambient_air_temperature": 25, "vehicle_speed": 47, "throttle_position": 21.176470588235293, "time": "2022-01-22T15:34:22.503048Z", "runtime_since_engine_start": 739, "engine_speed": 2156.0}