{"ambient_air_temperature": 27, "vehicle_speed": 48, "throttle_position": 25.88235294117647, "time": "2022-01-22T15:24:45.127789Z", "runtime_since_engine_start": 161, "engine_speed": 2161.5}