{"ambient_air_temperature": 24, "vehicle_speed": 19, "throttle_position": 11.76470588235294, "time": "2022-01-22T15:35:24.892457Z", "runtime_since_engine_start": 801, "engine_speed": 830.0}