{"ambient_air_temperature": 27, "vehicle_speed": 20, "throttle_position": 12.549019607843137, "time": "2022-01-22T15:31:36.722640Z", "runtime_since_engine_start": 573, "engine_speed": 838.5}