{"ambient_air_temperature": 24, "vehicle_speed": 28, "throttle_position": 37.254901960784316, "time": "2022-01-22T15:35:34.416871Z", "runtime_since_engine_start": 810, "engine_speed": 1919.5}