{"ambient_air_temperature": 27, "vehicle_speed": 42, "throttle_position": 16.07843137254902, "time": "2022-01-22T15:31:15.303120Z", "runtime_since_engine_start": 551, "engine_speed": 2766.0}