{"ambient_air_temperature": 23, "vehicle_speed": 53, "throttle_position": 22.352941176470587, "time": "2022-01-22T15:37:38.636576Z", "runtime_since_engine_start": 935, "engine_speed": 2410.0}