{"ambient_air_temperature": 22, "vehicle_speed": 12, "throttle_position": 12.156862745098039, "time": "2022-01-22T15:38:36.925864Z", "runtime_since_engine_start": 993, "engine_speed": 834.0}