{"ambient_air_temperature": 26, "vehicle_speed": 45, "throttle_position": 19.215686274509803, "time": "2022-01-22T15:31:50.501291Z", "runtime_since_engine_start": 587, "engine_speed": 2988.0}