{"ambient_air_temperature": 24, "vehicle_speed": 34, "throttle_position": 17.647058823529413, "time": "2022-01-22T15:37:00.323757Z", "runtime_since_engine_start": 896, "engine_speed": 2238.5}