{"ambient_air_temperature": 21, "vehicle_speed": 46, "throttle_position": 86.66666666666667, "time": "2022-01-22T15:38:51.135909Z", "runtime_since_engine_start": 1007, "engine_speed": 3053.0}