{"ambient_air_temperature": 24, "vehicle_speed": 49, "throttle_position": 68.62745098039215, "time": "2022-01-22T15:35:40.056107Z", "runtime_since_engine_start": 816, "engine_speed": 2250.5}