{"ambient_air_temperature": 27, "vehicle_speed": 35, "throttle_position": 16.862745098039216, "time": "2022-01-22T15:25:14.560650Z", "runtime_since_engine_start": 191, "engine_speed": 1243.5}