{"ambient_air_temperature": 27, "vehicle_speed": 16, "throttle_position": 17.647058823529413, "time": "2022-01-22T15:29:51.194976Z", "runtime_since_engine_start": 467, "engine_speed": 1965.0}