{"ambient_air_temperature": 25, "vehicle_speed": 42, "throttle_position": 79.2156862745098, "time": "2022-01-22T15:32:53.961417Z", "runtime_since_engine_start": 650, "engine_speed": 1887.0}