{"ambient_air_temperature": 25, "vehicle_speed": 49, "throttle_position": 12.941176470588236, "time": "2022-01-22T15:33:05.079828Z", "runtime_since_engine_start": 661, "engine_speed": 2095.0}