{"ambient_air_temperature": 25, "vehicle_speed": 41, "throttle_position": 20.392156862745097, "time": "2022-01-22T15:34:19.157117Z", "runtime_since_engine_start": 735, "engine_speed": 1881.5}