{"ambient_air_temperature": 27, "vehicle_speed": 32, "throttle_position": 10.980392156862745, "time": "2022-01-22T15:30:39.148432Z", "runtime_since_engine_start": 515, "engine_speed": 2129.0}