{"ambient_air_temperature": 21, "vehicle_speed": 11, "throttle_position": 13.72549019607843, "time": "2022-01-22T15:39:09.800294Z", "runtime_since_engine_start": 1026, "engine_speed": 1373.5}