{"ambient_air_temperature": 21, "vehicle_speed": 30, "throttle_position": 12.156862745098039, "time": "2022-01-22T15:38:33.971712Z", "runtime_since_engine_start": 990, "engine_speed": 829.0}