{"ambient_air_temperature": 27, "vehicle_speed": 39, "throttle_position": 13.72549019607843, "time": "2022-01-22T15:31:31.714689Z", "runtime_since_engine_start": 568, "engine_speed": 2566.5}