{"ambient_air_temperature": 26, "vehicle_speed": 0, "throttle_position": 10.980392156862745, "time": "2022-01-22T15:33:44.967766Z", "runtime_since_engine_start": 701, "engine_speed": 1011.0}