{"ambient_air_temperature": 27, "vehicle_speed": 24, "throttle_position": 12.156862745098039, "time": "2022-01-22T15:30:07.724748Z", "runtime_since_engine_start": 484, "engine_speed": 1111.5}