{"ambient_air_temperature": 27, "vehicle_speed": 0, "throttle_position": 16.07843137254902, "time": "2022-01-22T15:26:46.029381Z", "runtime_since_engine_start": 282, "engine_speed": 1256.0}