{"ambient_air_temperature": 25, "vehicle_speed": 35, "throttle_position": 12.549019607843137, "time": "2022-01-22T15:33:10.661296Z", "runtime_since_engine_start": 667, "engine_speed": 848.0}