{"ambient_air_temperature": 27, "vehicle_speed": 32, "throttle_position": 26.666666666666668, "time": "2022-01-22T15:31:44.973706Z", "runtime_since_engine_start": 581, "engine_speed": 2120.5}