{"ambient_air_temperature": 27, "vehicle_speed": 28, "throttle_position": 25.098039215686274, "time": "2022-01-22T15:31:43.914215Z", "runtime_since_engine_start": 580, "engine_speed": 1874.5}