{"ambient_air_temperature": 25, "vehicle_speed": 7, "throttle_position": 12.941176470588236, "time": "2022-01-22T15:22:40.114503Z", "runtime_since_engine_start": 36, "engine_speed": 899.5}