{"ambient_air_temperature": 25, "vehicle_speed": 0, "throttle_position": 12.549019607843137, "time": "2022-01-22T15:33:24.168862Z", "runtime_since_engine_start": 680, "engine_speed": 850.0}