{"ambient_air_temperature": 21, "vehicle_speed": 59, "throttle_position": 16.07843137254902, "time": "2022-01-22T15:38:15.643174Z", "runtime_since_engine_start": 972, "engine_speed": 2672.5}