{"ambient_air_temperature": 27, "vehicle_speed": 37, "throttle_position": 12.941176470588236, "time": "2022-01-22T15:23:12.129349Z", "runtime_since_engine_start": 68, "engine_speed": 1681.0}