{"ambient_air_temperature": 23, "vehicle_speed": 32, "throttle_position": 20.392156862745097, "time": "2022-01-22T15:36:46.902017Z", "runtime_since_engine_start": 883, "engine_speed": 2124.5}