{"ambient_air_temperature": 27, "vehicle_speed": 44, "throttle_position": 12.941176470588236, "time": "2022-01-22T15:25:33.315675Z", "runtime_since_engine_start": 209, "engine_speed": 1550.5}