{"ambient_air_temperature": 24, "vehicle_speed": 43, "throttle_position": 20.784313725490197, "time": "2022-01-22T15:37:11.027078Z", "runtime_since_engine_start": 907, "engine_speed": 1963.0}