{"ambient_air_temperature": 27, "vehicle_speed": 35, "throttle_position": 28.235294117647058, "time": "2022-01-22T15:26:55.482116Z", "runtime_since_engine_start": 291, "engine_speed": 2300.0}