{"ambient_air_temperature": 21, "vehicle_speed": 52, "throttle_position": 45.88235294117647, "time": "2022-01-22T15:38:05.288270Z", "runtime_since_engine_start": 961, "engine_speed": 2382.5}