{"ambient_air_temperature": 21, "vehicle_speed": 58, "throttle_position": 11.76470588235294, "time": "2022-01-22T15:38:08.276084Z", "runtime_since_engine_start": 964, "engine_speed": 2598.5}