{"ambient_air_temperature": 25, "vehicle_speed": 45, "throttle_position": 12.941176470588236, "time": "2022-01-22T15:34:31.006772Z", "runtime_since_engine_start": 747, "engine_speed": 2020.0}