{"ambient_air_temperature": 24, "vehicle_speed": 22, "throttle_position": 12.156862745098039, "time": "2022-01-22T15:35:23.020304Z", "runtime_since_engine_start": 799, "engine_speed": 851.5}