{"ambient_air_temperature": 27, "vehicle_speed": 0, "throttle_position": 17.647058823529413, "time": "2022-01-22T15:30:26.788173Z", "runtime_since_engine_start": 503, "engine_speed": 1967.5}