{"ambient_air_temperature": 27, "vehicle_speed": 9, "throttle_position": 19.215686274509803, "time": "2022-01-22T15:26:50.290872Z", "runtime_since_engine_start": 286, "engine_speed": 1296.0}