{"ambient_air_temperature": 27, "vehicle_speed": 28, "throttle_position": 12.156862745098039, "time": "2022-01-22T15:29:23.504507Z", "runtime_since_engine_start": 440, "engine_speed": 952.5}