{"ambient_air_temperature": 27, "vehicle_speed": 11, "throttle_position": 10.588235294117647, "time": "2022-01-22T15:27:28.824098Z", "runtime_since_engine_start": 325, "engine_speed": 1399.0}