{"ambient_air_temperature": 26, "vehicle_speed": 0, "throttle_position": 12.156862745098039, "time": "2022-01-22T15:33:42.427980Z", "runtime_since_engine_start": 698, "engine_speed": 848.5}