{"ambient_air_temperature": 27, "vehicle_speed": 40, "throttle_position": 12.156862745098039, "time": "2022-01-22T15:31:30.670629Z", "runtime_since_engine_start": 567, "engine_speed": 2668.0}