{"ambient_air_temperature": 25, "vehicle_speed": 47, "throttle_position": 16.07843137254902, "time": "2022-01-22T15:34:09.487367Z", "runtime_since_engine_start": 726, "engine_speed": 2132.0}