{"ambient_air_temperature": 27, "vehicle_speed": 22, "throttle_position": 17.254901960784313, "time": "2022-01-22T15:31:41.373921Z", "runtime_since_engine_start": 577, "engine_speed": 1493.0}