{"ambient_air_temperature": 27, "vehicle_speed": 11, "throttle_position": 18.03921568627451, "time": "2022-01-22T15:22:59.507273Z", "runtime_since_engine_start": 56, "engine_speed": 1437.5}