{"ambient_air_temperature": 25, "vehicle_speed": 36, "throttle_position": 12.156862745098039, "time": "2022-01-22T15:34:47.860075Z", "runtime_since_engine_start": 764, "engine_speed": 1644.5}