{"ambient_air_temperature": 27, "vehicle_speed": 14, "throttle_position": 12.549019607843137, "time": "2022-01-22T15:27:10.294408Z", "runtime_since_engine_start": 306, "engine_speed": 985.0}