{"ambient_air_temperature": 21, "vehicle_speed": 55, "throttle_position": 29.80392156862745, "time": "2022-01-22T15:38:06.778845Z", "runtime_since_engine_start": 963, "engine_speed": 2504.5}