{"ambient_air_temperature": 26, "vehicle_speed": 45, "throttle_position": 13.72549019607843, "time": "2022-01-22T15:31:51.271264Z", "runtime_since_engine_start": 587, "engine_speed": 2176.5}