{"ambient_air_temperature": 27, "vehicle_speed": 6, "throttle_position": 12.156862745098039, "time": "2022-01-22T15:27:24.380654Z", "runtime_since_engine_start": 320, "engine_speed": 896.0}