{"ambient_air_temperature": 27, "vehicle_speed": 43, "throttle_position": 14.117647058823529, "time": "2022-01-22T15:25:34.015915Z", "runtime_since_engine_start": 210, "engine_speed": 1522.5}