{"ambient_air_temperature": 27, "vehicle_speed": 34, "throttle_position": 14.117647058823529, "time": "2022-01-22T15:28:53.201456Z", "runtime_since_engine_start": 409, "engine_speed": 1534.0}