{"ambient_air_temperature": 27, "vehicle_speed": 35, "throttle_position": 38.431372549019606, "time": "2022-01-22T15:24:41.089604Z", "runtime_since_engine_start": 157, "engine_speed": 2392.0}