{"ambient_air_temperature": 27, "vehicle_speed": 40, "throttle_position": 14.117647058823529, "time": "2022-01-22T15:31:06.473041Z", "runtime_since_engine_start": 542, "engine_speed": 2619.5}