{"ambient_air_temperature": 27, "vehicle_speed": 28, "throttle_position": 20.392156862745097, "time": "2022-01-22T15:30:37.285150Z", "runtime_since_engine_start": 513, "engine_speed": 1903.0}