{"ambient_air_temperature": 26, "vehicle_speed": 39, "throttle_position": 12.156862745098039, "time": "2022-01-22T15:32:08.579588Z", "runtime_since_engine_start": 605, "engine_speed": 921.0}