{"ambient_air_temperature": 27, "vehicle_speed": 21, "throttle_position": 18.823529411764707, "time": "2022-01-22T15:27:05.621041Z", "runtime_since_engine_start": 302, "engine_speed": 1395.5}