{"ambient_air_temperature": 24, "vehicle_speed": 53, "throttle_position": 19.607843137254903, "time": "2022-01-22T15:35:04.436039Z", "runtime_since_engine_start": 780, "engine_speed": 2392.5}