{"ambient_air_temperature": 27, "vehicle_speed": 29, "throttle_position": 12.941176470588236, "time": "2022-01-22T15:30:04.574105Z", "runtime_since_engine_start": 481, "engine_speed": 1894.0}