{"ambient_air_temperature": 27, "vehicle_speed": 17, "throttle_position": 12.941176470588236, "time": "2022-01-22T15:27:08.875059Z", "runtime_since_engine_start": 305, "engine_speed": 1058.5}