{"ambient_air_temperature": 26, "vehicle_speed": 25, "throttle_position": 12.156862745098039, "time": "2022-01-22T15:32:11.757819Z", "runtime_since_engine_start": 608, "engine_speed": 820.5}