{"ambient_air_temperature": 27, "vehicle_speed": 0, "throttle_position": 12.156862745098039, "time": "2022-01-22T15:23:55.126152Z", "runtime_since_engine_start": 111, "engine_speed": 862.0}