{"ambient_air_temperature": 27, "vehicle_speed": 14, "throttle_position": 17.254901960784313, "time": "2022-01-22T15:30:30.332567Z", "runtime_since_engine_start": 506, "engine_speed": 1792.5}