{"ambient_air_temperature": 25, "vehicle_speed": 19, "throttle_position": 18.03921568627451, "time": "2022-01-22T15:34:54.168360Z", "runtime_since_engine_start": 770, "engine_speed": 1248.5}