{"ambient_air_temperature": 26, "vehicle_speed": 11, "throttle_position": 15.294117647058822, "time": "2022-01-22T15:22:36.524788Z", "runtime_since_engine_start": 33, "engine_speed": 1418.0}