{"ambient_air_temperature": 27, "vehicle_speed": 33, "throttle_position": 16.07843137254902, "time": "2022-01-22T15:28:55.803529Z", "runtime_since_engine_start": 412, "engine_speed": 1520.0}