{"ambient_air_temperature": 27, "vehicle_speed": 44, "throttle_position": 14.509803921568627, "time": "2022-01-22T15:25:31.471553Z", "runtime_since_engine_start": 207, "engine_speed": 1586.5}