{"ambient_air_temperature": 24, "vehicle_speed": 7, "throttle_position": 12.156862745098039, "time": "2022-01-22T15:36:24.224724Z", "runtime_since_engine_start": 860, "engine_speed": 851.5}