{"ambient_air_temperature": 27, "vehicle_speed": 40, "throttle_position": 16.07843137254902, "time": "2022-01-22T15:31:09.392509Z", "runtime_since_engine_start": 545, "engine_speed": 2652.5}