{"ambient_air_temperature": 21, "vehicle_speed": 62, "throttle_position": 25.49019607843137, "time": "2022-01-22T15:38:23.855220Z", "runtime_since_engine_start": 980, "engine_speed": 2213.0}