{"ambient_air_temperature": 26, "vehicle_speed": 0, "throttle_position": 12.549019607843137, "time": "2022-01-22T15:32:29.163627Z", "runtime_since_engine_start": 625, "engine_speed": 827.5}