{"ambient_air_temperature": 25, "vehicle_speed": 43, "throttle_position": 12.156862745098039, "time": "2022-01-22T15:33:08.441218Z", "runtime_since_engine_start": 664, "engine_speed": 892.0}