{"ambient_air_temperature": 26, "vehicle_speed": 4, "throttle_position": 17.647058823529413, "time": "2022-01-22T15:22:33.556954Z", "runtime_since_engine_start": 30, "engine_speed": 1621.0}