{"ambient_air_temperature": 25, "vehicle_speed": 43, "throttle_position": 12.941176470588236, "time": "2022-01-22T15:34:31.709795Z", "runtime_since_engine_start": 748, "engine_speed": 1970.0}