{"ambient_air_temperature": 27, "vehicle_speed": 0, "throttle_position": 12.549019607843137, "time": "2022-01-22T15:23:33.623561Z", "runtime_since_engine_start": 90, "engine_speed": 850.5}