{"ambient_air_temperature": 27, "vehicle_speed": 9, "throttle_position": 12.549019607843137, "time": "2022-01-22T15:25:51.434030Z", "runtime_since_engine_start": 227, "engine_speed": 821.0}