{"ambient_air_temperature": 26, "vehicle_speed": 47, "throttle_position": 17.647058823529413, "time": "2022-01-22T15:31:55.692100Z", "runtime_since_engine_start": 592, "engine_speed": 2126.5}