{"ambient_air_temperature": 27, "vehicle_speed": 27, "throttle_position": 12.549019607843137, "time": "2022-01-22T15:30:05.628713Z", "runtime_since_engine_start": 482, "engine_speed": 1800.0}