{"ambient_air_temperature": 27, "vehicle_speed": 40, "throttle_position": 15.686274509803921, "time": "2022-01-22T15:31:05.376915Z", "runtime_since_engine_start": 541, "engine_speed": 2645.5}