{"ambient_air_temperature": 24, "vehicle_speed": 49, "throttle_position": 16.07843137254902, "time": "2022-01-22T15:35:09.778795Z", "runtime_since_engine_start": 786, "engine_speed": 2241.0}