{"ambient_air_temperature": 21, "vehicle_speed": 19, "throttle_position": 12.156862745098039, "time": "2022-01-22T15:38:35.838081Z", "runtime_since_engine_start": 992, "engine_speed": 819.5}