{"ambient_air_temperature": 27, "vehicle_speed": 25, "throttle_position": 27.058823529411764, "time": "2022-01-22T15:24:38.870064Z", "runtime_since_engine_start": 155, "engine_speed": 1721.5}