{"ambient_air_temperature": 24, "vehicle_speed": 36, "throttle_position": 37.64705882352941, "time": "2022-01-22T15:35:35.943811Z", "runtime_since_engine_start": 812, "engine_speed": 2408.0}