{"ambient_air_temperature": 21, "vehicle_speed": 60, "throttle_position": 18.03921568627451, "time": "2022-01-22T15:38:17.908421Z", "runtime_since_engine_start": 974, "engine_speed": 2694.5}