{"ambient_air_temperature": 27, "vehicle_speed": 21, "throttle_position": 20.392156862745097, "time": "2022-01-22T15:27:05.991423Z", "runtime_since_engine_start": 302, "engine_speed": 1407.5}