{"ambient_air_temperature": 24, "vehicle_speed": 45, "throttle_position": 14.901960784313726, "time": "2022-01-22T15:37:12.109804Z", "runtime_since_engine_start": 908, "engine_speed": 2036.0}