{"ambient_air_temperature": 26, "vehicle_speed": 0, "throttle_position": 12.549019607843137, "time": "2022-01-22T15:32:24.271190Z", "runtime_since_engine_start": 620, "engine_speed": 835.0}