{"ambient_air_temperature": 24, "vehicle_speed": 18, "throttle_position": 34.90196078431372, "time": "2022-01-22T15:35:32.587369Z", "runtime_since_engine_start": 809, "engine_speed": 1223.5}