{"ambient_air_temperature": 25, "vehicle_speed": 38, "throttle_position": 23.52941176470588, "time": "2022-01-22T15:34:04.745884Z", "runtime_since_engine_start": 721, "engine_speed": 2503.0}