{"ambient_air_temperature": 21, "vehicle_speed": 0, "throttle_position": 12.156862745098039, "time": "2022-01-22T15:39:19.175728Z", "runtime_since_engine_start": 1035, "engine_speed": 842.0}