{"ambient_air_temperature": 22, "vehicle_speed": 8, "throttle_position": 12.549019607843137, "time": "2022-01-22T15:38:37.641927Z", "runtime_since_engine_start": 994, "engine_speed": 853.5}