{"ambient_air_temperature": 25, "vehicle_speed": 49, "throttle_position": 12.156862745098039, "time": "2022-01-22T15:33:05.833920Z", "runtime_since_engine_start": 662, "engine_speed": 1127.5}