{"ambient_air_temperature": 22, "vehicle_speed": 37, "throttle_position": 12.156862745098039, "time": "2022-01-22T15:35:56.778060Z", "runtime_since_engine_start": 833, "engine_speed": 963.5}