{"ambient_air_temperature": 27, "vehicle_speed": 28, "throttle_position": 12.549019607843137, "time": "2022-01-22T15:30:04.927795Z", "runtime_since_engine_start": 481, "engine_speed": 1907.0}