{"ambient_air_temperature": 27, "vehicle_speed": 52, "throttle_position": 21.176470588235293, "time": "2022-01-22T15:24:47.686954Z", "runtime_since_engine_start": 164, "engine_speed": 2381.0}