{"ambient_air_temperature": 27, "vehicle_speed": 0, "throttle_position": 21.56862745098039, "time": "2022-01-22T15:24:31.107948Z", "runtime_since_engine_start": 147, "engine_speed": 1829.0}