{"ambient_air_temperature": 25, "vehicle_speed": 0, "throttle_position": 12.549019607843137, "time": "2022-01-22T15:33:21.899804Z", "runtime_since_engine_start": 678, "engine_speed": 836.5}