{"ambient_air_temperature": 27, "vehicle_speed": 42, "throttle_position": 24.313725490196077, "time": "2022-01-22T15:25:29.939361Z", "runtime_since_engine_start": 206, "engine_speed": 1499.5}