{"ambient_air_temperature": 22, "vehicle_speed": 30, "throttle_position": 25.098039215686274, "time": "2022-01-22T15:37:55.561405Z", "runtime_since_engine_start": 952, "engine_speed": 1389.5}