{"ambient_air_temperature": 21, "vehicle_speed": 3, "throttle_position": 12.156862745098039, "time": "2022-01-22T15:39:13.968167Z", "runtime_since_engine_start": 1030, "engine_speed": 852.0}