{"ambient_air_temperature": 27, "vehicle_speed": 25, "throttle_position": 15.294117647058822, "time": "2022-01-22T15:23:19.742273Z", "runtime_since_engine_start": 76, "engine_speed": 1141.0}