{"ambient_air_temperature": 27, "vehicle_speed": 33, "throttle_position": 17.647058823529413, "time": "2022-01-22T15:30:59.141295Z", "runtime_since_engine_start": 535, "engine_speed": 2245.0}