{"ambient_air_temperature": 25, "vehicle_speed": 44, "throttle_position": 24.705882352941178, "time": "2022-01-22T15:34:20.665839Z", "runtime_since_engine_start": 737, "engine_speed": 1994.5}