{"ambient_air_temperature": 27, "vehicle_speed": 26, "throttle_position": 11.76470588235294, "time": "2022-01-22T15:31:35.690342Z", "runtime_since_engine_start": 572, "engine_speed": 846.5}