{"ambient_air_temperature": 24, "vehicle_speed": 8, "throttle_position": 16.07843137254902, "time": "2022-01-22T15:36:31.987187Z", "runtime_since_engine_start": 868, "engine_speed": 1011.5}