{"ambient_air_temperature": 27, "vehicle_speed": 51, "throttle_position": 12.941176470588236, "time": "2022-01-22T15:24:55.718631Z", "runtime_since_engine_start": 172, "engine_speed": 1818.5}