{"ambient_air_temperature": 27, "vehicle_speed": 36, "throttle_position": 17.254901960784313, "time": "2022-01-22T15:31:00.873005Z", "runtime_since_engine_start": 537, "engine_speed": 2376.5}