{"ambient_air_temperature": 27, "vehicle_speed": 36, "throttle_position": 10.196078431372548, "time": "2022-01-22T15:23:06.945448Z", "runtime_since_engine_start": 63, "engine_speed": 2431.0}