{"ambient_air_temperature": 27, "vehicle_speed": 35, "throttle_position": 17.647058823529413, "time": "2022-01-22T15:31:00.176382Z", "runtime_since_engine_start": 536, "engine_speed": 2317.5}