{"ambient_air_temperature": 24, "vehicle_speed": 19, "throttle_position": 68.23529411764706, "time": "2022-01-22T15:36:42.134225Z", "runtime_since_engine_start": 878, "engine_speed": 1282.0}