{"ambient_air_temperature": 24, "vehicle_speed": 9, "throttle_position": 16.470588235294116, "time": "2022-01-22T15:36:32.356911Z", "runtime_since_engine_start": 868, "engine_speed": 1147.5}