{"ambient_air_temperature": 26, "vehicle_speed": 47, "throttle_position": 17.647058823529413, "time": "2022-01-22T15:31:56.063277Z", "runtime_since_engine_start": 592, "engine_speed": 2142.0}