{"ambient_air_temperature": 27, "vehicle_speed": 11, "throttle_position": 12.549019607843137, "time": "2022-01-22T15:27:48.643157Z", "runtime_since_engine_start": 345, "engine_speed": 830.0}