{"ambient_air_temperature": 24, "vehicle_speed": 48, "throttle_position": 16.470588235294116, "time": "2022-01-22T15:35:11.618922Z", "runtime_since_engine_start": 788, "engine_speed": 2174.5}