{"ambient_air_temperature": 26, "vehicle_speed": 27, "throttle_position": 34.509803921568626, "time": "2022-01-22T15:32:46.550104Z", "runtime_since_engine_start": 643, "engine_speed": 1799.0}