{"ambient_air_temperature": 27, "vehicle_speed": 28, "throttle_position": 34.509803921568626, "time": "2022-01-22T15:24:39.604869Z", "runtime_since_engine_start": 156, "engine_speed": 1896.5}