{"ambient_air_temperature": 27, "vehicle_speed": 3, "throttle_position": 12.156862745098039, "time": "2022-01-22T15:29:29.969222Z", "runtime_since_engine_start": 446, "engine_speed": 839.0}