{"ambient_air_temperature": 23, "vehicle_speed": 42, "throttle_position": 13.72549019607843, "time": "2022-01-22T15:37:14.986387Z", "runtime_since_engine_start": 911, "engine_speed": 1894.0}