{"ambient_air_temperature": 24, "vehicle_speed": 49, "throttle_position": 14.509803921568627, "time": "2022-01-22T15:35:38.591878Z", "runtime_since_engine_start": 815, "engine_speed": 2998.0}