{"ambient_air_temperature": 27, "vehicle_speed": 39, "throttle_position": 17.647058823529413, "time": "2022-01-22T15:31:21.578498Z", "runtime_since_engine_start": 558, "engine_speed": 2590.0}