{"ambient_air_temperature": 23, "vehicle_speed": 10, "throttle_position": 12.156862745098039, "time": "2022-01-22T15:36:22.002845Z", "runtime_since_engine_start": 858, "engine_speed": 881.5}