{"ambient_air_temperature": 24, "vehicle_speed": 36, "throttle_position": 14.509803921568627, "time": "2022-01-22T15:37:04.021206Z", "runtime_since_engine_start": 900, "engine_speed": 2389.5}