{"ambient_air_temperature": 27, "vehicle_speed": 25, "throttle_position": 14.901960784313726, "time": "2022-01-22T15:23:02.745794Z", "runtime_since_engine_start": 59, "engine_speed": 3153.0}