{"ambient_air_temperature": 24, "vehicle_speed": 19, "throttle_position": 12.156862745098039, "time": "2022-01-22T15:35:25.627221Z", "runtime_since_engine_start": 802, "engine_speed": 831.0}