{"ambient_air_temperature": 27, "vehicle_speed": 35, "throttle_position": 13.333333333333334, "time": "2022-01-22T15:26:58.671394Z", "runtime_since_engine_start": 295, "engine_speed": 2285.5}