{"ambient_air_temperature": 21, "vehicle_speed": 57, "throttle_position": 22.352941176470587, "time": "2022-01-22T15:38:11.230870Z", "runtime_since_engine_start": 967, "engine_speed": 2573.5}