{"ambient_air_temperature": 27, "vehicle_speed": 36, "throttle_position": 14.117647058823529, "time": "2022-01-22T15:26:57.619411Z", "runtime_since_engine_start": 294, "engine_speed": 2385.5}