{"ambient_air_temperature": 25, "vehicle_speed": 3, "throttle_position": 12.549019607843137, "time": "2022-01-22T15:33:17.769079Z", "runtime_since_engine_start": 674, "engine_speed": 837.0}