{"ambient_air_temperature": 24, "vehicle_speed": 43, "throttle_position": 22.352941176470587, "time": "2022-01-22T15:37:26.731278Z", "runtime_since_engine_start": 923, "engine_speed": 1960.5}