{"ambient_air_temperature": 25, "vehicle_speed": 42, "throttle_position": 18.431372549019606, "time": "2022-01-22T15:34:43.278522Z", "runtime_since_engine_start": 759, "engine_speed": 1874.5}