{"ambient_air_temperature": 27, "vehicle_speed": 9, "throttle_position": 13.72549019607843, "time": "2022-01-22T15:29:48.625322Z", "runtime_since_engine_start": 465, "engine_speed": 959.5}