{"ambient_air_temperature": 25, "vehicle_speed": 47, "throttle_position": 29.80392156862745, "time": "2022-01-22T15:32:56.182041Z", "runtime_since_engine_start": 652, "engine_speed": 2148.5}