{"ambient_air_temperature": 24, "vehicle_speed": 42, "throttle_position": 20.392156862745097, "time": "2022-01-22T15:37:08.812697Z", "runtime_since_engine_start": 905, "engine_speed": 2758.5}