{"ambient_air_temperature": 27, "vehicle_speed": 30, "throttle_position": 21.56862745098039, "time": "2022-01-22T15:30:43.310737Z", "runtime_since_engine_start": 519, "engine_speed": 2001.5}