{"ambient_air_temperature": 27, "vehicle_speed": 0, "throttle_position": 23.137254901960784, "time": "2022-01-22T15:29:35.242113Z", "runtime_since_engine_start": 451, "engine_speed": 1726.0}