{"ambient_air_temperature": 27, "vehicle_speed": 23, "throttle_position": 12.549019607843137, "time": "2022-01-22T15:23:23.592595Z", "runtime_since_engine_start": 80, "engine_speed": 958.5}