{"ambient_air_temperature": 27, "vehicle_speed": 18, "throttle_position": 18.03921568627451, "time": "2022-01-22T15:31:38.505149Z", "runtime_since_engine_start": 575, "engine_speed": 1731.0}