{"ambient_air_temperature": 21, "vehicle_speed": 57, "throttle_position": 22.352941176470587, "time": "2022-01-22T15:38:11.601209Z", "runtime_since_engine_start": 968, "engine_speed": 2586.0}