{"ambient_air_temperature": 26, "vehicle_speed": 9, "throttle_position": 13.333333333333334, "time": "2022-01-22T15:22:56.988494Z", "runtime_since_engine_start": 53, "engine_speed": 1024.5}