{"ambient_air_temperature": 25, "vehicle_speed": 11, "throttle_position": 12.156862745098039, "time": "2022-01-22T15:33:15.162729Z", "runtime_since_engine_start": 671, "engine_speed": 837.0}