{"ambient_air_temperature": 25, "vehicle_speed": 38, "throttle_position": 12.156862745098039, "time": "2022-01-22T15:33:09.937809Z", "runtime_since_engine_start": 666, "engine_speed": 850.5}