{"ambient_air_temperature": 26, "vehicle_speed": 42, "throttle_position": 20.784313725490197, "time": "2022-01-22T15:31:49.058527Z", "runtime_since_engine_start": 585, "engine_speed": 2831.0}