{"ambient_air_temperature": 24, "vehicle_speed": 22, "throttle_position": 85.49019607843137, "time": "2022-01-22T15:36:42.858914Z", "runtime_since_engine_start": 879, "engine_speed": 1536.5}