{"ambient_air_temperature": 27, "vehicle_speed": 35, "throttle_position": 17.647058823529413, "time": "2022-01-22T15:30:46.628528Z", "runtime_since_engine_start": 523, "engine_speed": 2294.5}