{"ambient_air_temperature": 24, "vehicle_speed": 33, "throttle_position": 18.03921568627451, "time": "2022-01-22T15:36:53.561650Z", "runtime_since_engine_start": 890, "engine_speed": 2201.0}