{"ambient_air_temperature": 27, "vehicle_speed": 30, "throttle_position": 12.941176470588236, "time": "2022-01-22T15:28:37.310876Z", "runtime_since_engine_start": 393, "engine_speed": 2016.0}