{"ambient_air_temperature": 21, "vehicle_speed": 10, "throttle_position": 11.372549019607844, "time": "2022-01-22T15:38:41.024695Z", "runtime_since_engine_start": 997, "engine_speed": 1155.0}