{"ambient_air_temperature": 24, "vehicle_speed": 42, "throttle_position": 20.784313725490197, "time": "2022-01-22T15:37:10.321131Z", "runtime_since_engine_start": 906, "engine_speed": 1874.5}