{"ambient_air_temperature": 25, "vehicle_speed": 8, "throttle_position": 12.156862745098039, "time": "2022-01-22T15:33:16.291118Z", "runtime_since_engine_start": 672, "engine_speed": 833.0}