{"ambient_air_temperature": 27, "vehicle_speed": 33, "throttle_position": 19.607843137254903, "time": "2022-01-22T15:30:51.102134Z", "runtime_since_engine_start": 527, "engine_speed": 2172.0}