{"ambient_air_temperature": 25, "vehicle_speed": 43, "throttle_position": 14.509803921568627, "time": "2022-01-22T15:34:06.596210Z", "runtime_since_engine_start": 723, "engine_speed": 2841.5}