{"ambient_air_temperature": 27, "vehicle_speed": 32, "throttle_position": 12.156862745098039, "time": "2022-01-22T15:23:15.420404Z", "runtime_since_engine_start": 71, "engine_speed": 1482.5}