{"ambient_air_temperature": 27, "vehicle_speed": 15, "throttle_position": 12.549019607843137, "time": "2022-01-22T15:27:09.590980Z", "runtime_since_engine_start": 306, "engine_speed": 1042.0}