{"ambient_air_temperature": 26, "vehicle_speed": 50, "throttle_position": 18.03921568627451, "time": "2022-01-22T15:32:02.414235Z", "runtime_since_engine_start": 598, "engine_speed": 2239.5}