{"ambient_air_temperature": 27, "vehicle_speed": 0, "throttle_position": 16.862745098039216, "time": "2022-01-22T15:30:27.475191Z", "runtime_since_engine_start": 503, "engine_speed": 1487.5}