{"ambient_air_temperature": 27, "vehicle_speed": 16, "throttle_position": 12.156862745098039, "time": "2022-01-22T15:30:12.916394Z", "runtime_since_engine_start": 489, "engine_speed": 828.0}