{"ambient_air_temperature": 27, "vehicle_speed": 0, "throttle_position": 12.941176470588236, "time": "2022-01-22T15:23:33.976426Z", "runtime_since_engine_start": 90, "engine_speed": 861.5}