{"ambient_air_temperature": 23, "vehicle_speed": 9, "throttle_position": 11.76470588235294, "time": "2022-01-22T15:36:23.111170Z", "runtime_since_engine_start": 859, "engine_speed": 843.0}