{"ambient_air_temperature": 26, "vehicle_speed": 48, "throttle_position": 13.333333333333334, "time": "2022-01-22T15:32:05.477360Z", "runtime_since_engine_start": 601, "engine_speed": 1993.5}