{"ambient_air_temperature": 27, "vehicle_speed": 7, "throttle_position": 12.156862745098039, "time": "2022-01-22T15:27:23.648904Z", "runtime_since_engine_start": 320, "engine_speed": 945.0}