{"ambient_air_temperature": 27, "vehicle_speed": 20, "throttle_position": 12.156862745098039, "time": "2022-01-22T15:27:44.626380Z", "runtime_since_engine_start": 341, "engine_speed": 884.0}