{"ambient_air_temperature": 23, "vehicle_speed": 32, "throttle_position": 13.333333333333334, "time": "2022-01-22T15:36:51.310634Z", "runtime_since_engine_start": 887, "engine_speed": 2091.0}