{"ambient_air_temperature": 25, "vehicle_speed": 41, "throttle_position": 24.313725490196077, "time": "2022-01-22T15:34:05.849038Z", "runtime_since_engine_start": 722, "engine_speed": 2718.0}