{"ambient_air_temperature": 27, "vehicle_speed": 39, "throttle_position": 12.156862745098039, "time": "2022-01-22T15:25:44.528160Z", "runtime_since_engine_start": 221, "engine_speed": 1414.5}