{"ambient_air_temperature": 27, "vehicle_speed": 37, "throttle_position": 12.156862745098039, "time": "2022-01-22T15:29:03.048256Z", "runtime_since_engine_start": 419, "engine_speed": 1674.0}