{"ambient_air_temperature": 21, "vehicle_speed": 10, "throttle_position": 11.76470588235294, "time": "2022-01-22T15:39:04.952234Z", "runtime_since_engine_start": 1021, "engine_speed": 834.0}