{"ambient_air_temperature": 27, "vehicle_speed": 42, "throttle_position": 12.941176470588236, "time": "2022-01-22T15:25:39.506890Z", "runtime_since_engine_start": 216, "engine_speed": 1508.5}