{"ambient_air_temperature": 23, "vehicle_speed": 52, "throttle_position": 15.294117647058822, "time": "2022-01-22T15:37:34.525052Z", "runtime_since_engine_start": 931, "engine_speed": 2343.5}