{"ambient_air_temperature": 27, "vehicle_speed": 22, "throttle_position": 12.941176470588236, "time": "2022-01-22T15:23:23.946192Z", "runtime_since_engine_start": 80, "engine_speed": 944.0}