{"ambient_air_temperature": 27, "vehicle_speed": 35, "throttle_position": 12.549019607843137, "time": "2022-01-22T15:23:13.624593Z", "runtime_since_engine_start": 70, "engine_speed": 1605.5}