{"ambient_air_temperature": 27, "vehicle_speed": 8, "throttle_position": 11.76470588235294, "time": "2022-01-22T15:27:21.790070Z", "runtime_since_engine_start": 318, "engine_speed": 1045.5}