{"ambient_air_temperature": 26, "vehicle_speed": 11, "throttle_position": 10.980392156862745, "time": "2022-01-22T15:22:44.515895Z", "runtime_since_engine_start": 41, "engine_speed": 1368.0}