{"ambient_air_temperature": 27, "vehicle_speed": 27, "throttle_position": 16.470588235294116, "time": "2022-01-22T15:30:01.725862Z", "runtime_since_engine_start": 478, "engine_speed": 1801.5}