{"ambient_air_temperature": 27, "vehicle_speed": 32, "throttle_position": 13.333333333333334, "time": "2022-01-22T15:30:39.904109Z", "runtime_since_engine_start": 516, "engine_speed": 2146.5}