{"ambient_air_temperature": 27, "vehicle_speed": 37, "throttle_position": 13.333333333333334, "time": "2022-01-22T15:26:56.903752Z", "runtime_since_engine_start": 293, "engine_speed": 2455.0}