{"ambient_air_temperature": 27, "vehicle_speed": 36, "throttle_position": 22.745098039215687, "time": "2022-01-22T15:31:46.053453Z", "runtime_since_engine_start": 582, "engine_speed": 2401.5}