{"ambient_air_temperature": 23, "vehicle_speed": 11, "throttle_position": 12.549019607843137, "time": "2022-01-22T15:36:21.628249Z", "runtime_since_engine_start": 858, "engine_speed": 885.5}