{"ambient_air_temperature": 25, "vehicle_speed": 41, "throttle_position": 18.823529411764707, "time": "2022-01-22T15:34:42.208963Z", "runtime_since_engine_start": 758, "engine_speed": 1859.5}