{"ambient_air_temperature": 25, "vehicle_speed": 52, "throttle_position": 15.686274509803921, "time": "2022-01-22T15:33:02.454779Z", "runtime_since_engine_start": 658, "engine_speed": 2350.5}