{"ambient_air_temperature": 27, "vehicle_speed": 46, "throttle_position": 14.117647058823529, "time": "2022-01-22T15:24:43.274265Z", "runtime_since_engine_start": 159, "engine_speed": 2816.5}