{"ambient_air_temperature": 27, "vehicle_speed": 17, "throttle_position": 16.470588235294116, "time": "2022-01-22T15:29:51.563761Z", "runtime_since_engine_start": 468, "engine_speed": 2079.0}