{"ambient_air_temperature": 26, "vehicle_speed": 15, "throttle_position": 12.941176470588236, "time": "2022-01-22T15:32:41.681206Z", "runtime_since_engine_start": 638, "engine_speed": 2140.5}