{"ambient_air_temperature": 27, "vehicle_speed": 33, "throttle_position": 12.941176470588236, "time": "2022-01-22T15:29:05.608945Z", "runtime_since_engine_start": 422, "engine_speed": 1528.0}