{"ambient_air_temperature": 27, "vehicle_speed": 53, "throttle_position": 12.941176470588236, "time": "2022-01-22T15:24:54.283503Z", "runtime_since_engine_start": 170, "engine_speed": 1895.0}