{"ambient_air_temperature": 24, "vehicle_speed": 34, "throttle_position": 17.254901960784313, "time": "2022-01-22T15:36:53.934122Z", "runtime_since_engine_start": 890, "engine_speed": 2233.5}