{"ambient_air_temperature": 27, "vehicle_speed": 21, "throttle_position": 11.372549019607844, "time": "2022-01-22T15:27:07.139431Z", "runtime_since_engine_start": 303, "engine_speed": 1416.0}