{"ambient_air_temperature": 26, "vehicle_speed": 0, "throttle_position": 12.156862745098039, "time": "2022-01-22T15:32:30.336403Z", "runtime_since_engine_start": 626, "engine_speed": 842.5}