{"ambient_air_temperature": 25, "vehicle_speed": 41, "throttle_position": 11.76470588235294, "time": "2022-01-22T15:32:52.100500Z", "runtime_since_engine_start": 648, "engine_speed": 1814.5}