{"ambient_air_temperature": 23, "vehicle_speed": 52, "throttle_position": 15.686274509803921, "time": "2022-01-22T15:37:34.146529Z", "runtime_since_engine_start": 930, "engine_speed": 2359.5}