{"ambient_air_temperature": 24, "vehicle_speed": 44, "throttle_position": 35.294117647058826, "time": "2022-01-22T15:35:00.064068Z", "runtime_since_engine_start": 776, "engine_speed": 2972.0}