{"ambient_air_temperature": 24, "vehicle_speed": 27, "throttle_position": 12.156862745098039, "time": "2022-01-22T15:35:20.816226Z", "runtime_since_engine_start": 797, "engine_speed": 897.5}