{"ambient_air_temperature": 23, "vehicle_speed": 13, "throttle_position": 10.588235294117647, "time": "2022-01-22T15:36:20.107287Z", "runtime_since_engine_start": 856, "engine_speed": 863.5}