{"ambient_air_temperature": 27, "vehicle_speed": 34, "throttle_position": 14.117647058823529, "time": "2022-01-22T15:28:52.424391Z", "runtime_since_engine_start": 408, "engine_speed": 1552.5}