{"ambient_air_temperature": 27, "vehicle_speed": 40, "throttle_position": 17.254901960784313, "time": "2022-01-22T15:31:29.514242Z", "runtime_since_engine_start": 566, "engine_speed": 2646.5}