{"ambient_air_temperature": 27, "vehicle_speed": 29, "throttle_position": 10.588235294117647, "time": "2022-01-22T15:30:41.766501Z", "runtime_since_engine_start": 518, "engine_speed": 1931.0}