{"ambient_air_temperature": 27, "vehicle_speed": 2, "throttle_position": 12.156862745098039, "time": "2022-01-22T15:27:14.757673Z", "runtime_since_engine_start": 311, "engine_speed": 842.5}