{"ambient_air_temperature": 26, "vehicle_speed": 33, "throttle_position": 22.352941176470587, "time": "2022-01-22T15:34:01.410689Z", "runtime_since_engine_start": 717, "engine_speed": 2187.5}