{"ambient_air_temperature": 25, "vehicle_speed": 51, "throttle_position": 19.215686274509803, "time": "2022-01-22T15:33:01.368484Z", "runtime_since_engine_start": 657, "engine_speed": 2304.5}