{"ambient_air_temperature": 27, "vehicle_speed": 32, "throttle_position": 17.254901960784313, "time": "2022-01-22T15:28:39.100674Z", "runtime_since_engine_start": 395, "engine_speed": 2155.5}