{"ambient_air_temperature": 27, "vehicle_speed": 22, "throttle_position": 25.098039215686274, "time": "2022-01-22T15:29:40.187966Z", "runtime_since_engine_start": 456, "engine_speed": 1477.5}