{"ambient_air_temperature": 25, "vehicle_speed": 44, "throttle_position": 12.549019607843137, "time": "2022-01-22T15:34:11.737829Z", "runtime_since_engine_start": 728, "engine_speed": 2008.0}