{"ambient_air_temperature": 21, "vehicle_speed": 65, "throttle_position": 11.76470588235294, "time": "2022-01-22T15:38:26.513283Z", "runtime_since_engine_start": 983, "engine_speed": 1384.0}