{"ambient_air_temperature": 27, "vehicle_speed": 49, "throttle_position": 25.88235294117647, "time": "2022-01-22T15:24:45.511546Z", "runtime_since_engine_start": 162, "engine_speed": 2207.5}