{"ambient_air_temperature": 27, "vehicle_speed": 27, "throttle_position": 22.745098039215687, "time": "2022-01-22T15:23:04.287234Z", "runtime_since_engine_start": 60, "engine_speed": 1804.5}