{"ambient_air_temperature": 27, "vehicle_speed": 42, "throttle_position": 16.07843137254902, "time": "2022-01-22T15:31:14.956485Z", "runtime_since_engine_start": 551, "engine_speed": 2749.0}