{"ambient_air_temperature": 26, "vehicle_speed": 40, "throttle_position": 20.392156862745097, "time": "2022-01-22T15:34:18.396131Z", "runtime_since_engine_start": 734, "engine_speed": 1824.5}