{"ambient_air_temperature": 27, "vehicle_speed": 39, "throttle_position": 16.862745098039216, "time": "2022-01-22T15:29:10.203876Z", "runtime_since_engine_start": 426, "engine_speed": 1765.5}