{"ambient_air_temperature": 22, "vehicle_speed": 54, "throttle_position": 18.431372549019606, "time": "2022-01-22T15:37:44.647736Z", "runtime_since_engine_start": 941, "engine_speed": 2453.0}