{"ambient_air_temperature": 26, "vehicle_speed": 16, "throttle_position": 13.333333333333334, "time": "2022-01-22T15:22:54.853648Z", "runtime_since_engine_start": 51, "engine_speed": 1922.5}