{"ambient_air_temperature": 27, "vehicle_speed": 37, "throttle_position": 19.215686274509803, "time": "2022-01-22T15:25:17.176010Z", "runtime_since_engine_start": 193, "engine_speed": 1328.0}