{"ambient_air_temperature": 27, "vehicle_speed": 31, "throttle_position": 14.117647058823529, "time": "2022-01-22T15:30:55.114432Z", "runtime_since_engine_start": 531, "engine_speed": 2081.0}