{"ambient_air_temperature": 25, "vehicle_speed": 40, "throttle_position": 28.235294117647058, "time": "2022-01-22T15:32:53.242786Z", "runtime_since_engine_start": 649, "engine_speed": 1829.0}