{"ambient_air_temperature": 26, "vehicle_speed": 17, "throttle_position": 19.607843137254903, "time": "2022-01-22T15:33:56.919115Z", "runtime_since_engine_start": 713, "engine_speed": 1615.5}