{"ambient_air_temperature": 24, "vehicle_speed": 12, "throttle_position": 11.372549019607844, "time": "2022-01-22T15:36:35.315637Z", "runtime_since_engine_start": 871, "engine_speed": 1307.5}