{"ambient_air_temperature": 27, "vehicle_speed": 38, "throttle_position": 17.647058823529413, "time": "2022-01-22T15:31:03.231630Z", "runtime_since_engine_start": 539, "engine_speed": 2544.5}