{"ambient_air_temperature": 25, "vehicle_speed": 38, "throttle_position": 14.509803921568627, "time": "2022-01-22T15:34:14.655845Z", "runtime_since_engine_start": 731, "engine_speed": 1752.5}