{"ambient_air_temperature": 27, "vehicle_speed": 29, "throttle_position": 23.92156862745098, "time": "2022-01-22T15:23:05.016499Z", "runtime_since_engine_start": 61, "engine_speed": 1947.0}