{"ambient_air_temperature": 22, "vehicle_speed": 46, "throttle_position": 12.549019607843137, "time": "2022-01-22T15:35:54.537660Z", "runtime_since_engine_start": 831, "engine_speed": 2068.5}