{"ambient_air_temperature": 27, "vehicle_speed": 37, "throttle_position": 13.333333333333334, "time": "2022-01-22T15:29:14.910697Z", "runtime_since_engine_start": 431, "engine_speed": 1707.0}