{"ambient_air_temperature": 27, "vehicle_speed": 30, "throttle_position": 13.333333333333334, "time": "2022-01-22T15:28:36.222853Z", "runtime_since_engine_start": 392, "engine_speed": 1984.5}