{"ambient_air_temperature": 25, "vehicle_speed": 51, "throttle_position": 19.215686274509803, "time": "2022-01-22T15:33:01.731638Z", "runtime_since_engine_start": 658, "engine_speed": 2307.5}