{"ambient_air_temperature": 26, "vehicle_speed": 8, "throttle_position": 16.470588235294116, "time": "2022-01-22T15:22:58.818579Z", "runtime_since_engine_start": 55, "engine_speed": 1124.5}