{"ambient_air_temperature": 26, "vehicle_speed": 5, "throttle_position": 12.941176470588236, "time": "2022-01-22T15:22:48.050997Z", "runtime_since_engine_start": 44, "engine_speed": 999.5}