{"ambient_air_temperature": 25, "vehicle_speed": 39, "throttle_position": 12.549019607843137, "time": "2022-01-22T15:34:46.365932Z", "runtime_since_engine_start": 762, "engine_speed": 1776.0}