{"ambient_air_temperature": 27, "vehicle_speed": 23, "throttle_position": 18.823529411764707, "time": "2022-01-22T15:29:56.690165Z", "runtime_since_engine_start": 473, "engine_speed": 1625.5}