{"ambient_air_temperature": 26, "vehicle_speed": 20, "throttle_position": 25.098039215686274, "time": "2022-01-22T15:32:44.675084Z", "runtime_since_engine_start": 641, "engine_speed": 1403.5}