{"ambient_air_temperature": 27, "vehicle_speed": 33, "throttle_position": 19.215686274509803, "time": "2022-01-22T15:30:58.799899Z", "runtime_since_engine_start": 535, "engine_speed": 2182.5}