{"ambient_air_temperature": 27, "vehicle_speed": 39, "throttle_position": 14.901960784313726, "time": "2022-01-22T15:29:11.654868Z", "runtime_since_engine_start": 428, "engine_speed": 1760.0}