{"ambient_air_temperature": 25, "vehicle_speed": 44, "throttle_position": 12.156862745098039, "time": "2022-01-22T15:33:08.052947Z", "runtime_since_engine_start": 664, "engine_speed": 916.5}