{"ambient_air_temperature": 24, "vehicle_speed": 20, "throttle_position": 15.294117647058822, "time": "2022-01-22T15:35:27.473799Z", "runtime_since_engine_start": 803, "engine_speed": 2138.0}