{"ambient_air_temperature": 25, "vehicle_speed": 50, "throttle_position": 22.352941176470587, "time": "2022-01-22T15:32:57.303246Z", "runtime_since_engine_start": 653, "engine_speed": 2247.5}