{"ambient_air_temperature": 25, "vehicle_speed": 45, "throttle_position": 24.313725490196077, "time": "2022-01-22T15:34:21.402509Z", "runtime_since_engine_start": 737, "engine_speed": 2046.5}