{"ambient_air_temperature": 27, "vehicle_speed": 0, "throttle_position": 13.72549019607843, "time": "2022-01-22T15:26:30.992843Z", "runtime_since_engine_start": 267, "engine_speed": 1037.0}