{"ambient_air_temperature": 22, "vehicle_speed": 53, "throttle_position": 21.56862745098039, "time": "2022-01-22T15:37:46.531146Z", "runtime_since_engine_start": 943, "engine_speed": 2395.5}