{"ambient_air_temperature": 25, "vehicle_speed": 40, "throttle_position": 17.254901960784313, "time": "2022-01-22T15:34:41.073866Z", "runtime_since_engine_start": 757, "engine_speed": 1805.5}