{"ambient_air_temperature": 23, "vehicle_speed": 32, "throttle_position": 17.254901960784313, "time": "2022-01-22T15:36:49.456059Z", "runtime_since_engine_start": 885, "engine_speed": 2149.5}