{"ambient_air_temperature": 24, "vehicle_speed": 51, "throttle_position": 13.333333333333334, "time": "2022-01-22T15:35:08.424290Z", "runtime_since_engine_start": 784, "engine_speed": 2313.5}