{"ambient_air_temperature": 26, "vehicle_speed": 45, "throttle_position": 12.549019607843137, "time": "2022-01-22T15:32:06.854083Z", "runtime_since_engine_start": 603, "engine_speed": 1064.5}