{"ambient_air_temperature": 26, "vehicle_speed": 5, "throttle_position": 17.254901960784313, "time": "2022-01-22T15:22:33.930781Z", "runtime_since_engine_start": 30, "engine_speed": 1493.0}