{"ambient_air_temperature": 21, "vehicle_speed": 62, "throttle_position": 24.313725490196077, "time": "2022-01-22T15:38:23.494632Z", "runtime_since_engine_start": 980, "engine_speed": 2193.0}