{"ambient_air_temperature": 27, "vehicle_speed": 26, "throttle_position": 19.607843137254903, "time": "2022-01-22T15:27:02.706667Z", "runtime_since_engine_start": 299, "engine_speed": 1760.0}