{"ambient_air_temperature": 26, "vehicle_speed": 3, "throttle_position": 16.862745098039216, "time": "2022-01-22T15:33:52.855059Z", "runtime_since_engine_start": 709, "engine_speed": 1019.0}