{"ambient_air_temperature": 23, "vehicle_speed": 19, "throttle_position": 18.03921568627451, "time": "2022-01-22T15:36:05.227898Z", "runtime_since_engine_start": 841, "engine_speed": 1309.0}