{"ambient_air_temperature": 25, "vehicle_speed": 32, "throttle_position": 12.941176470588236, "time": "2022-01-22T15:34:50.081924Z", "runtime_since_engine_start": 766, "engine_speed": 1114.5}