{"ambient_air_temperature": 24, "vehicle_speed": 19, "throttle_position": 23.52941176470588, "time": "2022-01-22T15:35:27.085595Z", "runtime_since_engine_start": 803, "engine_speed": 2322.5}