{"ambient_air_temperature": 26, "vehicle_speed": 0, "throttle_position": 12.156862745098039, "time": "2022-01-22T15:32:20.593030Z", "runtime_since_engine_start": 617, "engine_speed": 847.5}