{"ambient_air_temperature": 24, "vehicle_speed": 42, "throttle_position": 23.137254901960784, "time": "2022-01-22T15:37:16.839825Z", "runtime_since_engine_start": 913, "engine_speed": 1916.0}