{"ambient_air_temperature": 27, "vehicle_speed": 42, "throttle_position": 16.470588235294116, "time": "2022-01-22T15:31:14.562620Z", "runtime_since_engine_start": 551, "engine_speed": 2772.0}