{"ambient_air_temperature": 27, "vehicle_speed": 36, "throttle_position": 21.56862745098039, "time": "2022-01-22T15:25:16.034221Z", "runtime_since_engine_start": 192, "engine_speed": 1285.5}