{"ambient_air_temperature": 27, "vehicle_speed": 32, "throttle_position": 12.156862745098039, "time": "2022-01-22T15:29:21.275676Z", "runtime_since_engine_start": 437, "engine_speed": 1470.5}