{"ambient_air_temperature": 25, "vehicle_speed": 48, "throttle_position": 27.058823529411764, "time": "2022-01-22T15:32:56.547715Z", "runtime_since_engine_start": 653, "engine_speed": 2189.0}