{"ambient_air_temperature": 24, "vehicle_speed": 33, "throttle_position": 18.431372549019606, "time": "2022-01-22T15:36:59.962641Z", "runtime_since_engine_start": 896, "engine_speed": 2197.5}