{"ambient_air_temperature": 26, "vehicle_speed": 5, "throttle_position": 12.941176470588236, "time": "2022-01-22T15:22:47.716381Z", "runtime_since_engine_start": 44, "engine_speed": 1011.5}