{"ambient_air_temperature": 25, "vehicle_speed": 35, "throttle_position": 35.68627450980392, "time": "2022-01-22T15:34:58.226630Z", "runtime_since_engine_start": 774, "engine_speed": 2396.5}