{"ambient_air_temperature": 23, "vehicle_speed": 17, "throttle_position": 10.980392156862745, "time": "2022-01-22T15:36:18.587532Z", "runtime_since_engine_start": 855, "engine_speed": 1129.0}