{"ambient_air_temperature": 23, "vehicle_speed": 20, "throttle_position": 14.117647058823529, "time": "2022-01-22T15:36:03.442590Z", "runtime_since_engine_start": 839, "engine_speed": 1344.5}