{"ambient_air_temperature": 26, "vehicle_speed": 0, "throttle_position": 12.549019607843137, "time": "2022-01-22T15:32:17.639506Z", "runtime_since_engine_start": 614, "engine_speed": 833.0}