{"ambient_air_temperature": 27, "vehicle_speed": 10, "throttle_position": 14.901960784313726, "time": "2022-01-22T15:27:28.108200Z", "runtime_since_engine_start": 324, "engine_speed": 1320.0}