{"ambient_air_temperature": 27, "vehicle_speed": 4, "throttle_position": 12.941176470588236, "time": "2022-01-22T15:23:28.797901Z", "runtime_since_engine_start": 85, "engine_speed": 858.0}