{"ambient_air_temperature": 27, "vehicle_speed": 25, "throttle_position": 12.156862745098039, "time": "2022-01-22T15:30:07.030106Z", "runtime_since_engine_start": 483, "engine_speed": 1663.0}