{"ambient_air_temperature": 27, "vehicle_speed": 13, "throttle_position": 18.823529411764707, "time": "2022-01-22T15:23:00.191988Z", "runtime_since_engine_start": 56, "engine_speed": 1651.0}