{"ambient_air_temperature": 22, "vehicle_speed": 31, "throttle_position": 12.156862745098039, "time": "2022-01-22T15:37:54.797783Z", "runtime_since_engine_start": 951, "engine_speed": 1421.0}