{"ambient_air_temperature": 27, "vehicle_speed": 29, "throttle_position": 12.549019607843137, "time": "2022-01-22T15:25:47.432908Z", "runtime_since_engine_start": 223, "engine_speed": 882.5}