{"ambient_air_temperature": 26, "vehicle_speed": 0, "throttle_position": 14.117647058823529, "time": "2022-01-22T15:33:44.555403Z", "runtime_since_engine_start": 701, "engine_speed": 774.0}