{"ambient_air_temperature": 22, "vehicle_speed": 53, "throttle_position": 22.352941176470587, "time": "2022-01-22T15:37:46.127051Z", "runtime_since_engine_start": 942, "engine_speed": 2403.0}