{"ambient_air_temperature": 27, "vehicle_speed": 18, "throttle_position": 12.156862745098039, "time": "2022-01-22T15:29:25.388351Z", "runtime_since_engine_start": 441, "engine_speed": 846.0}