{"ambient_air_temperature": 25, "vehicle_speed": 43, "throttle_position": 23.52941176470588, "time": "2022-01-22T15:34:20.284137Z", "runtime_since_engine_start": 736, "engine_speed": 1957.5}