{"ambient_air_temperature": 21, "vehicle_speed": 8, "throttle_position": 11.76470588235294, "time": "2022-01-22T15:39:05.728185Z", "runtime_since_engine_start": 1022, "engine_speed": 836.0}