{"ambient_air_temperature": 27, "vehicle_speed": 18, "throttle_position": 14.509803921568627, "time": "2022-01-22T15:29:52.699904Z", "runtime_since_engine_start": 469, "engine_speed": 2257.0}