{"ambient_air_temperature": 25, "vehicle_speed": 0, "throttle_position": 12.549019607843137, "time": "2022-01-22T15:33:24.564316Z", "runtime_since_engine_start": 681, "engine_speed": 830.0}