{"ambient_air_temperature": 23, "vehicle_speed": 42, "throttle_position": 12.941176470588236, "time": "2022-01-22T15:37:14.612701Z", "runtime_since_engine_start": 911, "engine_speed": 1910.0}