{"ambient_air_temperature": 23, "vehicle_speed": 51, "throttle_position": 21.96078431372549, "time": "2022-01-22T15:37:36.718999Z", "runtime_since_engine_start": 933, "engine_speed": 2336.0}