{"ambient_air_temperature": 27, "vehicle_speed": 13, "throttle_position": 18.823529411764707, "time": "2022-01-22T15:27:39.589070Z", "runtime_since_engine_start": 336, "engine_speed": 1643.0}