{"ambient_air_temperature": 27, "vehicle_speed": 24, "throttle_position": 12.156862745098039, "time": "2022-01-22T15:30:09.160598Z", "runtime_since_engine_start": 485, "engine_speed": 967.0}