{"ambient_air_temperature": 24, "vehicle_speed": 0, "throttle_position": 12.156862745098039, "time": "2022-01-22T15:36:29.469188Z", "runtime_since_engine_start": 865, "engine_speed": 835.0}