{"ambient_air_temperature": 24, "vehicle_speed": 10, "throttle_position": 17.254901960784313, "time": "2022-01-22T15:36:32.741773Z", "runtime_since_engine_start": 869, "engine_speed": 1314.0}