{"ambient_air_temperature": 22, "vehicle_speed": 42, "throttle_position": 12.549019607843137, "time": "2022-01-22T15:37:52.898356Z", "runtime_since_engine_start": 949, "engine_speed": 1888.0}