{"ambient_air_temperature": 27, "vehicle_speed": 31, "throttle_position": 17.647058823529413, "time": "2022-01-22T15:30:49.603857Z", "runtime_since_engine_start": 526, "engine_speed": 2096.5}