{"ambient_air_temperature": 25, "vehicle_speed": 46, "throttle_position": 12.156862745098039, "time": "2022-01-22T15:33:07.319955Z", "runtime_since_engine_start": 663, "engine_speed": 970.5}