{"ambient_air_temperature": 27, "vehicle_speed": 18, "throttle_position": 13.72549019607843, "time": "2022-01-22T15:28:31.553843Z", "runtime_since_engine_start": 388, "engine_speed": 2281.0}