{"ambient_air_temperature": 24, "vehicle_speed": 36, "throttle_position": 16.07843137254902, "time": "2022-01-22T15:37:02.205509Z", "runtime_since_engine_start": 898, "engine_speed": 2377.5}