{"ambient_air_temperature": 27, "vehicle_speed": 12, "throttle_position": 12.156862745098039, "time": "2022-01-22T15:30:14.292696Z", "runtime_since_engine_start": 490, "engine_speed": 827.0}