{"ambient_air_temperature": 27, "vehicle_speed": 30, "throttle_position": 17.254901960784313, "time": "2022-01-22T15:28:38.038425Z", "runtime_since_engine_start": 394, "engine_speed": 2112.0}