{"ambient_air_temperature": 27, "vehicle_speed": 43, "throttle_position": 15.294117647058822, "time": "2022-01-22T15:25:36.217208Z", "runtime_since_engine_start": 212, "engine_speed": 1554.0}