{"ambient_air_temperature": 27, "vehicle_speed": 24, "throttle_position": 11.76470588235294, "time": "2022-01-22T15:29:46.147315Z", "runtime_since_engine_start": 462, "engine_speed": 1506.5}