{"ambient_air_temperature": 27, "vehicle_speed": 38, "throttle_position": 15.686274509803921, "time": "2022-01-22T15:25:19.023301Z", "runtime_since_engine_start": 195, "engine_speed": 1370.0}