{"ambient_air_temperature": 27, "vehicle_speed": 22, "throttle_position": 17.647058823529413, "time": "2022-01-22T15:30:35.051074Z", "runtime_since_engine_start": 511, "engine_speed": 1526.0}