{"ambient_air_temperature": 24, "vehicle_speed": 31, "throttle_position": 21.176470588235293, "time": "2022-01-22T15:36:52.394661Z", "runtime_since_engine_start": 888, "engine_speed": 2082.0}