{"ambient_air_temperature": 27, "vehicle_speed": 34, "throttle_position": 14.901960784313726, "time": "2022-01-22T15:28:48.416080Z", "runtime_since_engine_start": 404, "engine_speed": 1554.0}