{"ambient_air_temperature": 25, "vehicle_speed": 42, "throttle_position": 10.588235294117647, "time": "2022-01-22T15:34:12.484753Z", "runtime_since_engine_start": 729, "engine_speed": 1900.0}