{"ambient_air_temperature": 27, "vehicle_speed": 23, "throttle_position": 18.03921568627451, "time": "2022-01-22T15:31:41.739919Z", "runtime_since_engine_start": 578, "engine_speed": 1531.0}