{"ambient_air_temperature": 27, "vehicle_speed": 30, "throttle_position": 12.156862745098039, "time": "2022-01-22T15:29:23.126871Z", "runtime_since_engine_start": 439, "engine_speed": 992.5}