{"ambient_air_temperature": 27, "vehicle_speed": 30, "throttle_position": 25.49019607843137, "time": "2022-01-22T15:31:44.637950Z", "runtime_since_engine_start": 581, "engine_speed": 2061.5}