{"ambient_air_temperature": 27, "vehicle_speed": 35, "throttle_position": 16.07843137254902, "time": "2022-01-22T15:30:46.252901Z", "runtime_since_engine_start": 522, "engine_speed": 2313.5}