{"ambient_air_temperature": 23, "vehicle_speed": 45, "throttle_position": 14.117647058823529, "time": "2022-01-22T15:37:20.917710Z", "runtime_since_engine_start": 917, "engine_speed": 2049.5}