{"ambient_air_temperature": 23, "vehicle_speed": 19, "throttle_position": 14.509803921568627, "time": "2022-01-22T15:36:04.498191Z", "runtime_since_engine_start": 841, "engine_speed": 1298.5}