{"ambient_air_temperature": 25, "vehicle_speed": 48, "throttle_position": 14.509803921568627, "time": "2022-01-22T15:34:27.713193Z", "runtime_since_engine_start": 744, "engine_speed": 2171.5}