{"ambient_air_temperature": 22, "vehicle_speed": 48, "throttle_position": 20.784313725490197, "time": "2022-01-22T15:37:50.630928Z", "runtime_since_engine_start": 947, "engine_speed": 2178.5}