{"ambient_air_temperature": 23, "vehicle_speed": 51, "throttle_position": 20.392156862745097, "time": "2022-01-22T15:37:31.175237Z", "runtime_since_engine_start": 927, "engine_speed": 2314.0}