{"ambient_air_temperature": 26, "vehicle_speed": 0, "throttle_position": 14.117647058823529, "time": "2022-01-22T15:33:43.509718Z", "runtime_since_engine_start": 700, "engine_speed": 911.5}