{"ambient_air_temperature": 22, "vehicle_speed": 44, "throttle_position": 86.66666666666667, "time": "2022-01-22T15:38:01.517472Z", "runtime_since_engine_start": 958, "engine_speed": 1976.5}