{"ambient_air_temperature": 25, "vehicle_speed": 43, "throttle_position": 13.333333333333334, "time": "2022-01-22T15:34:07.341228Z", "runtime_since_engine_start": 723, "engine_speed": 2264.5}