{"ambient_air_temperature": 24, "vehicle_speed": 50, "throttle_position": 13.333333333333334, "time": "2022-01-22T15:35:09.444190Z", "runtime_since_engine_start": 785, "engine_speed": 2236.0}