{"ambient_air_temperature": 26, "vehicle_speed": 12, "throttle_position": 12.549019607843137, "time": "2022-01-22T15:22:56.231715Z", "runtime_since_engine_start": 52, "engine_speed": 1423.0}