{"ambient_air_temperature": 21, "vehicle_speed": 58, "throttle_position": 20.392156862745097, "time": "2022-01-22T15:38:12.716478Z", "runtime_since_engine_start": 969, "engine_speed": 2625.0}