{"ambient_air_temperature": 27, "vehicle_speed": 2, "throttle_position": 23.52941176470588, "time": "2022-01-22T15:27:15.137312Z", "runtime_since_engine_start": 311, "engine_speed": 842.5}