{"ambient_air_temperature": 27, "vehicle_speed": 5, "throttle_position": 12.156862745098039, "time": "2022-01-22T15:30:16.382834Z", "runtime_since_engine_start": 492, "engine_speed": 828.0}