{"ambient_air_temperature": 22, "vehicle_speed": 43, "throttle_position": 86.66666666666667, "time": "2022-01-22T15:38:01.146542Z", "runtime_since_engine_start": 957, "engine_speed": 1940.0}