{"ambient_air_temperature": 27, "vehicle_speed": 17, "throttle_position": 12.549019607843137, "time": "2022-01-22T15:27:46.428891Z", "runtime_since_engine_start": 342, "engine_speed": 840.0}