{"ambient_air_temperature": 22, "vehicle_speed": 52, "throttle_position": 22.745098039215687, "time": "2022-01-22T15:35:52.674683Z", "runtime_since_engine_start": 829, "engine_speed": 2332.0}