{"ambient_air_temperature": 21, "vehicle_speed": 42, "throttle_position": 86.66666666666667, "time": "2022-01-22T15:38:50.016546Z", "runtime_since_engine_start": 1006, "engine_speed": 2774.5}