{"ambient_air_temperature": 26, "vehicle_speed": 46, "throttle_position": 18.823529411764707, "time": "2022-01-22T15:31:54.948511Z", "runtime_since_engine_start": 591, "engine_speed": 2102.5}