{"ambient_air_temperature": 26, "vehicle_speed": 0, "throttle_position": 12.549019607843137, "time": "2022-01-22T15:33:32.820325Z", "runtime_since_engine_start": 689, "engine_speed": 826.0}