{"ambient_air_temperature": 27, "vehicle_speed": 21, "throttle_position": 16.07843137254902, "time": "2022-01-22T15:27:05.278523Z", "runtime_since_engine_start": 301, "engine_speed": 1424.5}