{"ambient_air_temperature": 22, "vehicle_speed": 39, "throttle_position": 12.156862745098039, "time": "2022-01-22T15:35:56.432126Z", "runtime_since_engine_start": 832, "engine_speed": 980.5}