{"ambient_air_temperature": 27, "vehicle_speed": 24, "throttle_position": 17.647058823529413, "time": "2022-01-22T15:28:34.084158Z", "runtime_since_engine_start": 390, "engine_speed": 1663.5}