{"ambient_air_temperature": 27, "vehicle_speed": 33, "throttle_position": 20.392156862745097, "time": "2022-01-22T15:28:42.082661Z", "runtime_since_engine_start": 398, "engine_speed": 1636.0}