{"ambient_air_temperature": 23, "vehicle_speed": 12, "throttle_position": 11.372549019607844, "time": "2022-01-22T15:36:20.852414Z", "runtime_since_engine_start": 857, "engine_speed": 812.5}