{"ambient_air_temperature": 27, "vehicle_speed": 10, "throttle_position": 11.76470588235294, "time": "2022-01-22T15:27:29.926892Z", "runtime_since_engine_start": 326, "engine_speed": 986.5}