{"ambient_air_temperature": 22, "vehicle_speed": 26, "throttle_position": 12.156862745098039, "time": "2022-01-22T15:36:00.505798Z", "runtime_since_engine_start": 837, "engine_speed": 844.0}