{"ambient_air_temperature": 27, "vehicle_speed": 15, "throttle_position": 17.647058823529413, "time": "2022-01-22T15:24:34.763888Z", "runtime_since_engine_start": 151, "engine_speed": 983.5}