{"ambient_air_temperature": 27, "vehicle_speed": 55, "throttle_position": 12.549019607843137, "time": "2022-01-22T15:24:53.544824Z", "runtime_since_engine_start": 170, "engine_speed": 1716.5}