{"ambient_air_temperature": 27, "vehicle_speed": 15, "throttle_position": 17.254901960784313, "time": "2022-01-22T15:24:35.118417Z", "runtime_since_engine_start": 151, "engine_speed": 1068.5}