{"ambient_air_temperature": 26, "vehicle_speed": 9, "throttle_position": 14.509803921568627, "time": "2022-01-22T15:22:35.063570Z", "runtime_since_engine_start": 31, "engine_speed": 1245.5}