{"ambient_air_temperature": 27, "vehicle_speed": 11, "throttle_position": 11.372549019607844, "time": "2022-01-22T15:27:29.566445Z", "runtime_since_engine_start": 326, "engine_speed": 1257.5}