{"ambient_air_temperature": 24, "vehicle_speed": 52, "throttle_position": 27.45098039215686, "time": "2022-01-22T15:35:03.734993Z", "runtime_since_engine_start": 780, "engine_speed": 2349.0}