{"ambient_air_temperature": 23, "vehicle_speed": 24, "throttle_position": 14.509803921568627, "time": "2022-01-22T15:36:08.620360Z", "runtime_since_engine_start": 845, "engine_speed": 1592.5}