{"ambient_air_temperature": 26, "vehicle_speed": 17, "throttle_position": 12.156862745098039, "time": "2022-01-22T15:32:12.814089Z", "runtime_since_engine_start": 609, "engine_speed": 833.5}