{"ambient_air_temperature": 24, "vehicle_speed": 33, "throttle_position": 12.156862745098039, "time": "2022-01-22T15:35:18.622747Z", "runtime_since_engine_start": 795, "engine_speed": 1076.0}