{"ambient_air_temperature": 27, "vehicle_speed": 39, "throttle_position": 17.647058823529413, "time": "2022-01-22T15:29:00.220126Z", "runtime_since_engine_start": 416, "engine_speed": 1782.0}