{"ambient_air_temperature": 27, "vehicle_speed": 32, "throttle_position": 10.588235294117647, "time": "2022-01-22T15:30:54.409885Z", "runtime_since_engine_start": 530, "engine_speed": 2129.0}