{"ambient_air_temperature": 27, "vehicle_speed": 29, "throttle_position": 16.07843137254902, "time": "2022-01-22T15:28:35.527356Z", "runtime_since_engine_start": 392, "engine_speed": 1926.0}