{"ambient_air_temperature": 21, "vehicle_speed": 51, "throttle_position": 26.666666666666668, "time": "2022-01-22T15:38:55.067893Z", "runtime_since_engine_start": 1011, "engine_speed": 2301.0}