{"ambient_air_temperature": 25, "vehicle_speed": 34, "throttle_position": 32.549019607843135, "time": "2022-01-22T15:34:57.858020Z", "runtime_since_engine_start": 774, "engine_speed": 2246.0}