{"ambient_air_temperature": 25, "vehicle_speed": 47, "throttle_position": 12.941176470588236, "time": "2022-01-22T15:34:10.266771Z", "runtime_since_engine_start": 726, "engine_speed": 2116.0}