{"ambient_air_temperature": 26, "vehicle_speed": 6, "throttle_position": 12.549019607843137, "time": "2022-01-22T15:33:49.156416Z", "runtime_since_engine_start": 705, "engine_speed": 887.0}