{"ambient_air_temperature": 27, "vehicle_speed": 26, "throttle_position": 19.215686274509803, "time": "2022-01-22T15:23:03.918416Z", "runtime_since_engine_start": 60, "engine_speed": 1759.0}