{"ambient_air_temperature": 25, "vehicle_speed": 44, "throttle_position": 15.686274509803921, "time": "2022-01-22T15:34:34.683809Z", "runtime_since_engine_start": 751, "engine_speed": 1991.5}