{"ambient_air_temperature": 27, "vehicle_speed": 33, "throttle_position": 18.03921568627451, "time": "2022-01-22T15:29:06.350707Z", "runtime_since_engine_start": 422, "engine_speed": 1509.0}