{"ambient_air_temperature": 22, "vehicle_speed": 52, "throttle_position": 14.117647058823529, "time": "2022-01-22T15:37:48.764989Z", "runtime_since_engine_start": 945, "engine_speed": 2351.5}