{"ambient_air_temperature": 27, "vehicle_speed": 31, "throttle_position": 16.07843137254902, "time": "2022-01-22T15:30:57.672125Z", "runtime_since_engine_start": 534, "engine_speed": 2122.0}