{"ambient_air_temperature": 23, "vehicle_speed": 45, "throttle_position": 14.901960784313726, "time": "2022-01-22T15:37:20.571671Z", "runtime_since_engine_start": 917, "engine_speed": 2055.0}