{"ambient_air_temperature": 27, "vehicle_speed": 25, "throttle_position": 12.941176470588236, "time": "2022-01-22T15:23:22.211660Z", "runtime_since_engine_start": 78, "engine_speed": 997.5}