{"ambient_air_temperature": 26, "vehicle_speed": 6, "throttle_position": 15.294117647058822, "time": "2022-01-22T15:22:49.804015Z", "runtime_since_engine_start": 46, "engine_speed": 838.5}