{"ambient_air_temperature": 27, "vehicle_speed": 28, "throttle_position": 16.07843137254902, "time": "2022-01-22T15:30:02.830073Z", "runtime_since_engine_start": 479, "engine_speed": 1852.0}