{"ambient_air_temperature": 27, "vehicle_speed": 44, "throttle_position": 12.941176470588236, "time": "2022-01-22T15:25:03.662335Z", "runtime_since_engine_start": 180, "engine_speed": 1545.0}