{"ambient_air_temperature": 27, "vehicle_speed": 22, "throttle_position": 13.333333333333334, "time": "2022-01-22T15:31:40.333993Z", "runtime_since_engine_start": 576, "engine_speed": 1515.5}