{"ambient_air_temperature": 23, "vehicle_speed": 53, "throttle_position": 22.352941176470587, "time": "2022-01-22T15:37:38.239827Z", "runtime_since_engine_start": 934, "engine_speed": 2392.0}