{"ambient_air_temperature": 25, "vehicle_speed": 40, "throttle_position": 14.509803921568627, "time": "2022-01-22T15:34:39.983762Z", "runtime_since_engine_start": 756, "engine_speed": 1809.0}