{"ambient_air_temperature": 27, "vehicle_speed": 21, "throttle_position": 12.156862745098039, "time": "2022-01-22T15:27:43.902987Z", "runtime_since_engine_start": 340, "engine_speed": 929.0}