{"ambient_air_temperature": 24, "vehicle_speed": 5, "throttle_position": 64.70588235294117, "time": "2022-01-22T15:36:38.715686Z", "runtime_since_engine_start": 875, "engine_speed": 1450.5}