{"ambient_air_temperature": 24, "vehicle_speed": 9, "throttle_position": 12.549019607843137, "time": "2022-01-22T15:36:36.039146Z", "runtime_since_engine_start": 872, "engine_speed": 855.0}