{"ambient_air_temperature": 26, "vehicle_speed": 50, "throttle_position": 12.156862745098039, "time": "2022-01-22T15:32:02.791564Z", "runtime_since_engine_start": 599, "engine_speed": 2248.0}