{"ambient_air_temperature": 27, "vehicle_speed": 31, "throttle_position": 18.823529411764707, "time": "2022-01-22T15:30:58.043351Z", "runtime_since_engine_start": 534, "engine_speed": 2103.0}