{"ambient_air_temperature": 25, "vehicle_speed": 39, "throttle_position": 12.156862745098039, "time": "2022-01-22T15:33:09.573107Z", "runtime_since_engine_start": 666, "engine_speed": 864.0}