{"ambient_air_temperature": 27, "vehicle_speed": 0, "throttle_position": 16.862745098039216, "time": "2022-01-22T15:30:26.413989Z", "runtime_since_engine_start": 502, "engine_speed": 1444.0}