{"ambient_air_temperature": 27, "vehicle_speed": 43, "throttle_position": 12.549019607843137, "time": "2022-01-22T15:25:04.411659Z", "runtime_since_engine_start": 180, "engine_speed": 1533.0}