{"ambient_air_temperature": 25, "vehicle_speed": 4, "throttle_position": 12.156862745098039, "time": "2022-01-22T15:33:17.381108Z", "runtime_since_engine_start": 673, "engine_speed": 829.5}