{"ambient_air_temperature": 27, "vehicle_speed": 22, "throttle_position": 10.980392156862745, "time": "2022-01-22T15:29:54.932875Z", "runtime_since_engine_start": 471, "engine_speed": 2776.0}