{"ambient_air_temperature": 27, "vehicle_speed": 0, "throttle_position": 12.549019607843137, "time": "2022-01-22T15:26:08.271713Z", "runtime_since_engine_start": 244, "engine_speed": 845.0}