{"ambient_air_temperature": 27, "vehicle_speed": 32, "throttle_position": 19.215686274509803, "time": "2022-01-22T15:30:58.392297Z", "runtime_since_engine_start": 534, "engine_speed": 2127.5}