{"ambient_air_temperature": 26, "vehicle_speed": 49, "throttle_position": 16.470588235294116, "time": "2022-01-22T15:32:03.567800Z", "runtime_since_engine_start": 600, "engine_speed": 2206.5}