{"ambient_air_temperature": 25, "vehicle_speed": 43, "throttle_position": 17.647058823529413, "time": "2022-01-22T15:34:33.952903Z", "runtime_since_engine_start": 750, "engine_speed": 1972.0}