{"ambient_air_temperature": 25, "vehicle_speed": 43, "throttle_position": 14.117647058823529, "time": "2022-01-22T15:34:06.978245Z", "runtime_since_engine_start": 723, "engine_speed": 2775.0}