{"ambient_air_temperature": 27, "vehicle_speed": 27, "throttle_position": 16.862745098039216, "time": "2022-01-22T15:28:34.786169Z", "runtime_since_engine_start": 391, "engine_speed": 1768.0}