{"ambient_air_temperature": 27, "vehicle_speed": 33, "throttle_position": 14.509803921568627, "time": "2022-01-22T15:28:39.847844Z", "runtime_since_engine_start": 396, "engine_speed": 2239.0}