{"ambient_air_temperature": 27, "vehicle_speed": 23, "throttle_position": 17.254901960784313, "time": "2022-01-22T15:28:33.705144Z", "runtime_since_engine_start": 390, "engine_speed": 1555.0}