{"ambient_air_temperature": 26, "vehicle_speed": 35, "throttle_position": 15.294117647058822, "time": "2022-01-22T15:34:02.149619Z", "runtime_since_engine_start": 718, "engine_speed": 2322.0}