{"ambient_air_temperature": 22, "vehicle_speed": 6, "throttle_position": 18.823529411764707, "time": "2022-01-22T15:38:38.369339Z", "runtime_since_engine_start": 994, "engine_speed": 853.5}