{"ambient_air_temperature": 24, "vehicle_speed": 41, "throttle_position": 16.07843137254902, "time": "2022-01-22T15:37:24.598661Z", "runtime_since_engine_start": 921, "engine_speed": 1849.0}