{"ambient_air_temperature": 27, "vehicle_speed": 17, "throttle_position": 18.03921568627451, "time": "2022-01-22T15:24:35.867867Z", "runtime_since_engine_start": 152, "engine_speed": 1158.0}