{"ambient_air_temperature": 24, "vehicle_speed": 34, "throttle_position": 12.549019607843137, "time": "2022-01-22T15:35:18.247354Z", "runtime_since_engine_start": 794, "engine_speed": 1090.5}