{"ambient_air_temperature": 27, "vehicle_speed": 0, "throttle_position": 12.549019607843137, "time": "2022-01-22T15:26:02.393274Z", "runtime_since_engine_start": 238, "engine_speed": 840.0}