{"ambient_air_temperature": 26, "vehicle_speed": 25, "throttle_position": 30.980392156862745, "time": "2022-01-22T15:32:46.155270Z", "runtime_since_engine_start": 642, "engine_speed": 1704.0}