{"ambient_air_temperature": 27, "vehicle_speed": 31, "throttle_position": 24.313725490196077, "time": "2022-01-22T15:23:05.409323Z", "runtime_since_engine_start": 61, "engine_speed": 2023.5}