{"ambient_air_temperature": 27, "vehicle_speed": 38, "throttle_position": 14.901960784313726, "time": "2022-01-22T15:29:12.339033Z", "runtime_since_engine_start": 428, "engine_speed": 1747.5}