{"ambient_air_temperature": 27, "vehicle_speed": 34, "throttle_position": 16.862745098039216, "time": "2022-01-22T15:30:47.015695Z", "runtime_since_engine_start": 523, "engine_speed": 2271.5}