{"ambient_air_temperature": 24, "vehicle_speed": 38, "throttle_position": 36.470588235294116, "time": "2022-01-22T15:35:36.342057Z", "runtime_since_engine_start": 812, "engine_speed": 2542.5}