{"ambient_air_temperature": 27, "vehicle_speed": 17, "throttle_position": 16.862745098039216, "time": "2022-01-22T15:30:32.849412Z", "runtime_since_engine_start": 509, "engine_speed": 1568.0}