{"ambient_air_temperature": 25, "vehicle_speed": 40, "throttle_position": 16.862745098039216, "time": "2022-01-22T15:34:41.857871Z", "runtime_since_engine_start": 758, "engine_speed": 1833.0}