{"ambient_air_temperature": 27, "vehicle_speed": 15, "throttle_position": 12.156862745098039, "time": "2022-01-22T15:24:34.050213Z", "runtime_since_engine_start": 150, "engine_speed": 966.0}