{"ambient_air_temperature": 27, "vehicle_speed": 44, "throttle_position": 19.607843137254903, "time": "2022-01-22T15:25:31.089962Z", "runtime_since_engine_start": 207, "engine_speed": 1574.5}