{"ambient_air_temperature": 21, "vehicle_speed": 9, "throttle_position": 13.333333333333334, "time": "2022-01-22T15:39:11.688714Z", "runtime_since_engine_start": 1028, "engine_speed": 1085.5}