{"ambient_air_temperature": 27, "vehicle_speed": 31, "throttle_position": 21.96078431372549, "time": "2022-01-22T15:30:43.692875Z", "runtime_since_engine_start": 520, "engine_speed": 2070.0}