{"ambient_air_temperature": 24, "vehicle_speed": 15, "throttle_position": 12.549019607843137, "time": "2022-01-22T15:36:34.216245Z", "runtime_since_engine_start": 870, "engine_speed": 1892.0}