{"ambient_air_temperature": 23, "vehicle_speed": 53, "throttle_position": 22.745098039215687, "time": "2022-01-22T15:37:39.011185Z", "runtime_since_engine_start": 935, "engine_speed": 2416.5}