{"ambient_air_temperature": 25, "vehicle_speed": 8, "throttle_position": 12.941176470588236, "time": "2022-01-22T15:22:39.398184Z", "runtime_since_engine_start": 35, "engine_speed": 1036.5}