{"ambient_air_temperature": 25, "vehicle_speed": 46, "throttle_position": 19.607843137254903, "time": "2022-01-22T15:34:08.738872Z", "runtime_since_engine_start": 725, "engine_speed": 2069.0}