{"ambient_air_temperature": 24, "vehicle_speed": 46, "throttle_position": 23.137254901960784, "time": "2022-01-22T15:37:28.234859Z", "runtime_since_engine_start": 924, "engine_speed": 2100.5}