{"ambient_air_temperature": 21, "vehicle_speed": 6, "throttle_position": 17.647058823529413, "time": "2022-01-22T15:39:07.608237Z", "runtime_since_engine_start": 1024, "engine_speed": 1006.0}