{"ambient_air_temperature": 21, "vehicle_speed": 62, "throttle_position": 14.901960784313726, "time": "2022-01-22T15:38:21.249503Z", "runtime_since_engine_start": 977, "engine_speed": 2796.5}