{"ambient_air_temperature": 27, "vehicle_speed": 39, "throttle_position": 17.254901960784313, "time": "2022-01-22T15:31:04.275935Z", "runtime_since_engine_start": 540, "engine_speed": 2595.0}