{"ambient_air_temperature": 27, "vehicle_speed": 22, "throttle_position": 14.509803921568627, "time": "2022-01-22T15:31:40.012202Z", "runtime_since_engine_start": 576, "engine_speed": 1496.5}