{"ambient_air_temperature": 27, "vehicle_speed": 44, "throttle_position": 11.76470588235294, "time": "2022-01-22T15:25:03.308199Z", "runtime_since_engine_start": 179, "engine_speed": 1554.0}