{"ambient_air_temperature": 27, "vehicle_speed": 39, "throttle_position": 17.647058823529413, "time": "2022-01-22T15:25:21.194240Z", "runtime_since_engine_start": 197, "engine_speed": 1406.5}