{"ambient_air_temperature": 27, "vehicle_speed": 37, "throttle_position": 21.96078431372549, "time": "2022-01-22T15:31:46.409052Z", "runtime_since_engine_start": 582, "engine_speed": 2429.0}