{"ambient_air_temperature": 23, "vehicle_speed": 32, "throttle_position": 11.76470588235294, "time": "2022-01-22T15:36:45.410876Z", "runtime_since_engine_start": 881, "engine_speed": 2132.5}