{"ambient_air_temperature": 23, "vehicle_speed": 22, "throttle_position": 11.76470588235294, "time": "2022-01-22T15:36:16.028994Z", "runtime_since_engine_start": 852, "engine_speed": 1474.0}