{"ambient_air_temperature": 21, "vehicle_speed": 50, "throttle_position": 27.058823529411764, "time": "2022-01-22T15:38:54.346317Z", "runtime_since_engine_start": 1010, "engine_speed": 2550.0}