{"ambient_air_temperature": 27, "vehicle_speed": 39, "throttle_position": 14.509803921568627, "time": "2022-01-22T15:23:10.317264Z", "runtime_since_engine_start": 66, "engine_speed": 1786.5}