{"ambient_air_temperature": 23, "vehicle_speed": 53, "throttle_position": 86.66666666666667, "time": "2022-01-22T15:35:46.030580Z", "runtime_since_engine_start": 822, "engine_speed": 2378.5}