{"ambient_air_temperature": 24, "vehicle_speed": 9, "throttle_position": 12.156862745098039, "time": "2022-01-22T15:36:23.503056Z", "runtime_since_engine_start": 860, "engine_speed": 845.5}