{"ambient_air_temperature": 26, "vehicle_speed": 39, "throttle_position": 19.607843137254903, "time": "2022-01-22T15:34:17.242119Z", "runtime_since_engine_start": 733, "engine_speed": 1772.0}