{"ambient_air_temperature": 27, "vehicle_speed": 40, "throttle_position": 12.941176470588236, "time": "2022-01-22T15:25:43.813730Z", "runtime_since_engine_start": 220, "engine_speed": 1416.5}