{"ambient_air_temperature": 27, "vehicle_speed": 39, "throttle_position": 12.549019607843137, "time": "2022-01-22T15:29:01.993366Z", "runtime_since_engine_start": 418, "engine_speed": 1746.0}