{"ambient_air_temperature": 21, "vehicle_speed": 16, "throttle_position": 12.549019607843137, "time": "2022-01-22T15:38:36.185337Z", "runtime_since_engine_start": 992, "engine_speed": 833.0}