{"ambient_air_temperature": 27, "vehicle_speed": 36, "throttle_position": 25.88235294117647, "time": "2022-01-22T15:26:55.858282Z", "runtime_since_engine_start": 292, "engine_speed": 2397.0}