{"ambient_air_temperature": 27, "vehicle_speed": 35, "throttle_position": 14.117647058823529, "time": "2022-01-22T15:29:18.788151Z", "runtime_since_engine_start": 435, "engine_speed": 1585.5}