{"ambient_air_temperature": 21, "vehicle_speed": 61, "throttle_position": 22.745098039215687, "time": "2022-01-22T15:38:23.129131Z", "runtime_since_engine_start": 979, "engine_speed": 2165.5}