{"ambient_air_temperature": 26, "vehicle_speed": 49, "throttle_position": 19.607843137254903, "time": "2022-01-22T15:32:01.698412Z", "runtime_since_engine_start": 598, "engine_speed": 2226.5}