{"ambient_air_temperature": 26, "vehicle_speed": 16, "throttle_position": 13.72549019607843, "time": "2022-01-22T15:22:54.477141Z", "runtime_since_engine_start": 50, "engine_speed": 2001.5}