{"ambient_air_temperature": 27, "vehicle_speed": 7, "throttle_position": 20.784313725490197, "time": "2022-01-22T15:24:31.829906Z", "runtime_since_engine_start": 148, "engine_speed": 1553.0}