{"ambient_air_temperature": 22, "vehicle_speed": 18, "throttle_position": 25.098039215686274, "time": "2022-01-22T15:38:44.007859Z", "runtime_since_engine_start": 1000, "engine_speed": 2215.5}