{"ambient_air_temperature": 27, "vehicle_speed": 33, "throttle_position": 15.294117647058822, "time": "2022-01-22T15:28:53.948619Z", "runtime_since_engine_start": 410, "engine_speed": 1513.5}