{"ambient_air_temperature": 26, "vehicle_speed": 14, "throttle_position": 18.823529411764707, "time": "2022-01-22T15:33:55.006265Z", "runtime_since_engine_start": 711, "engine_speed": 1803.0}