{"ambient_air_temperature": 23, "vehicle_speed": 31, "throttle_position": 17.647058823529413, "time": "2022-01-22T15:36:51.653074Z", "runtime_since_engine_start": 888, "engine_speed": 2085.5}