{"ambient_air_temperature": 21, "vehicle_speed": 61, "throttle_position": 19.607843137254903, "time": "2022-01-22T15:38:19.376934Z", "runtime_since_engine_start": 975, "engine_speed": 2744.0}