{"ambient_air_temperature": 27, "vehicle_speed": 40, "throttle_position": 12.156862745098039, "time": "2022-01-22T15:25:06.903516Z", "runtime_since_engine_start": 183, "engine_speed": 1412.5}