{"ambient_air_temperature": 27, "vehicle_speed": 0, "throttle_position": 26.274509803921568, "time": "2022-01-22T15:32:39.415726Z", "runtime_since_engine_start": 635, "engine_speed": 2340.5}