{"ambient_air_temperature": 27, "vehicle_speed": 13, "throttle_position": 11.76470588235294, "time": "2022-01-22T15:27:38.868948Z", "runtime_since_engine_start": 335, "engine_speed": 1360.5}