{"ambient_air_temperature": 25, "vehicle_speed": 38, "throttle_position": 12.549019607843137, "time": "2022-01-22T15:34:47.135835Z", "runtime_since_engine_start": 763, "engine_speed": 1712.5}