{"ambient_air_temperature": 24, "vehicle_speed": 39, "throttle_position": 12.549019607843137, "time": "2022-01-22T15:35:16.415582Z", "runtime_since_engine_start": 792, "engine_speed": 1792.5}