{"ambient_air_temperature": 27, "vehicle_speed": 17, "throttle_position": 12.156862745098039, "time": "2022-01-22T15:29:47.193311Z", "runtime_since_engine_start": 463, "engine_speed": 1046.5}