{"ambient_air_temperature": 26, "vehicle_speed": 17, "throttle_position": 16.862745098039216, "time": "2022-01-22T15:33:56.538574Z", "runtime_since_engine_start": 713, "engine_speed": 2200.0}