{"ambient_air_temperature": 25, "vehicle_speed": 49, "throttle_position": 12.549019607843137, "time": "2022-01-22T15:33:05.454234Z", "runtime_since_engine_start": 661, "engine_speed": 1595.5}