{"ambient_air_temperature": 21, "vehicle_speed": 63, "throttle_position": 26.274509803921568, "time": "2022-01-22T15:38:24.243187Z", "runtime_since_engine_start": 980, "engine_speed": 2244.5}