{"ambient_air_temperature": 21, "vehicle_speed": 11, "throttle_position": 11.372549019607844, "time": "2022-01-22T15:39:09.077852Z", "runtime_since_engine_start": 1025, "engine_speed": 1355.5}