{"ambient_air_temperature": 24, "vehicle_speed": 52, "throttle_position": 16.470588235294116, "time": "2022-01-22T15:35:06.251592Z", "runtime_since_engine_start": 782, "engine_speed": 2359.0}