{"ambient_air_temperature": 26, "vehicle_speed": 43, "throttle_position": 12.549019607843137, "time": "2022-01-22T15:32:07.559768Z", "runtime_since_engine_start": 604, "engine_speed": 985.5}