{"ambient_air_temperature": 27, "vehicle_speed": 0, "throttle_position": 12.549019607843137, "time": "2022-01-22T15:28:21.482819Z", "runtime_since_engine_start": 377, "engine_speed": 840.0}