{"ambient_air_temperature": 26, "vehicle_speed": 14, "throttle_position": 17.647058823529413, "time": "2022-01-22T15:32:42.056336Z", "runtime_since_engine_start": 638, "engine_speed": 1965.5}