{"ambient_air_temperature": 23, "vehicle_speed": 51, "throttle_position": 18.03921568627451, "time": "2022-01-22T15:37:35.198192Z", "runtime_since_engine_start": 931, "engine_speed": 2326.0}