{"ambient_air_temperature": 24, "vehicle_speed": 48, "throttle_position": 26.274509803921568, "time": "2022-01-22T15:35:00.835029Z", "runtime_since_engine_start": 777, "engine_speed": 3195.0}