{"ambient_air_temperature": 27, "vehicle_speed": 16, "throttle_position": 12.549019607843137, "time": "2022-01-22T15:25:50.041096Z", "runtime_since_engine_start": 226, "engine_speed": 826.5}