{"ambient_air_temperature": 24, "vehicle_speed": 5, "throttle_position": 14.509803921568627, "time": "2022-01-22T15:36:31.322424Z", "runtime_since_engine_start": 867, "engine_speed": 816.0}