{"ambient_air_temperature": 27, "vehicle_speed": 10, "throttle_position": 12.549019607843137, "time": "2022-01-22T15:27:18.126221Z", "runtime_since_engine_start": 314, "engine_speed": 1218.0}