{"ambient_air_temperature": 26, "vehicle_speed": 3, "throttle_position": 12.549019607843137, "time": "2022-01-22T15:33:45.355409Z", "runtime_since_engine_start": 701, "engine_speed": 955.5}