{"ambient_air_temperature": 27, "vehicle_speed": 13, "throttle_position": 10.588235294117647, "time": "2022-01-22T15:24:32.584907Z", "runtime_since_engine_start": 149, "engine_speed": 1615.0}