{"ambient_air_temperature": 27, "vehicle_speed": 28, "throttle_position": 16.470588235294116, "time": "2022-01-22T15:28:35.150729Z", "runtime_since_engine_start": 391, "engine_speed": 1849.5}