{"ambient_air_temperature": 27, "vehicle_speed": 15, "throttle_position": 15.686274509803921, "time": "2022-01-22T15:28:30.824461Z", "runtime_since_engine_start": 387, "engine_speed": 1970.0}