{"ambient_air_temperature": 24, "vehicle_speed": 45, "throttle_position": 17.647058823529413, "time": "2022-01-22T15:37:18.692632Z", "runtime_since_engine_start": 915, "engine_speed": 2033.5}