{"ambient_air_temperature": 21, "vehicle_speed": 58, "throttle_position": 20.784313725490197, "time": "2022-01-22T15:38:12.347486Z", "runtime_since_engine_start": 968, "engine_speed": 2607.5}