{"ambient_air_temperature": 21, "vehicle_speed": 13, "throttle_position": 11.76470588235294, "time": "2022-01-22T15:39:03.437811Z", "runtime_since_engine_start": 1019, "engine_speed": 839.0}