{"ambient_air_temperature": 27, "vehicle_speed": 40, "throttle_position": 18.431372549019606, "time": "2022-01-22T15:31:11.566630Z", "runtime_since_engine_start": 548, "engine_speed": 2670.5}