{"ambient_air_temperature": 27, "vehicle_speed": 40, "throttle_position": 12.156862745098039, "time": "2022-01-22T15:29:00.559670Z", "runtime_since_engine_start": 417, "engine_speed": 1805.5}