{"ambient_air_temperature": 27, "vehicle_speed": 24, "throttle_position": 12.549019607843137, "time": "2022-01-22T15:31:36.043039Z", "runtime_since_engine_start": 572, "engine_speed": 830.0}