{"ambient_air_temperature": 23, "vehicle_speed": 44, "throttle_position": 12.941176470588236, "time": "2022-01-22T15:37:21.980814Z", "runtime_since_engine_start": 918, "engine_speed": 2011.0}