{"ambient_air_temperature": 27, "vehicle_speed": 8, "throttle_position": 23.137254901960784, "time": "2022-01-22T15:32:40.170586Z", "runtime_since_engine_start": 636, "engine_speed": 2060.5}