{"ambient_air_temperature": 21, "vehicle_speed": 41, "throttle_position": 86.66666666666667, "time": "2022-01-22T15:38:49.630110Z", "runtime_since_engine_start": 1006, "engine_speed": 2725.5}