{"ambient_air_temperature": 24, "vehicle_speed": 47, "throttle_position": 34.90196078431372, "time": "2022-01-22T15:35:37.847618Z", "runtime_since_engine_start": 814, "engine_speed": 3129.0}