{"ambient_air_temperature": 23, "vehicle_speed": 14, "throttle_position": 10.980392156862745, "time": "2022-01-22T15:36:19.723435Z", "runtime_since_engine_start": 856, "engine_speed": 943.5}