{"ambient_air_temperature": 26, "vehicle_speed": 7, "throttle_position": 12.156862745098039, "time": "2022-01-22T15:32:14.268461Z", "runtime_since_engine_start": 610, "engine_speed": 829.0}