{"ambient_air_temperature": 27, "vehicle_speed": 55, "throttle_position": 23.137254901960784, "time": "2022-01-22T15:24:52.134650Z", "runtime_since_engine_start": 168, "engine_speed": 2473.5}