{"ambient_air_temperature": 27, "vehicle_speed": 38, "throttle_position": 17.254901960784313, "time": "2022-01-22T15:31:02.893848Z", "runtime_since_engine_start": 539, "engine_speed": 2518.0}