{"ambient_air_temperature": 24, "vehicle_speed": 49, "throttle_position": 24.705882352941178, "time": "2022-01-22T15:35:02.277550Z", "runtime_since_engine_start": 778, "engine_speed": 2201.0}