{"ambient_air_temperature": 27, "vehicle_speed": 7, "throttle_position": 22.745098039215687, "time": "2022-01-22T15:27:38.146317Z", "runtime_since_engine_start": 334, "engine_speed": 2382.5}