{"ambient_air_temperature": 26, "vehicle_speed": 5, "throttle_position": 12.549019607843137, "time": "2022-01-22T15:32:14.654970Z", "runtime_since_engine_start": 611, "engine_speed": 827.0}