{"ambient_air_temperature": 22, "vehicle_speed": 35, "throttle_position": 12.156862745098039, "time": "2022-01-22T15:37:54.031155Z", "runtime_since_engine_start": 950, "engine_speed": 1529.5}