{"ambient_air_temperature": 21, "vehicle_speed": 64, "throttle_position": 26.666666666666668, "time": "2022-01-22T15:38:24.624433Z", "runtime_since_engine_start": 981, "engine_speed": 2267.5}