{"ambient_air_temperature": 26, "vehicle_speed": 5, "throttle_position": 15.686274509803921, "time": "2022-01-22T15:22:49.110556Z", "runtime_since_engine_start": 45, "engine_speed": 1018.5}