{"ambient_air_temperature": 27, "vehicle_speed": 40, "throttle_position": 16.07843137254902, "time": "2022-01-22T15:31:30.277224Z", "runtime_since_engine_start": 566, "engine_speed": 2671.0}