{"ambient_air_temperature": 21, "vehicle_speed": 25, "throttle_position": 12.549019607843137, "time": "2022-01-22T15:38:34.719578Z", "runtime_since_engine_start": 991, "engine_speed": 824.0}