{"ambient_air_temperature": 26, "vehicle_speed": 9, "throttle_position": 14.117647058823529, "time": "2022-01-22T15:22:43.782654Z", "runtime_since_engine_start": 40, "engine_speed": 1209.5}