{"ambient_air_temperature": 23, "vehicle_speed": 51, "throttle_position": 18.03921568627451, "time": "2022-01-22T15:37:35.957038Z", "runtime_since_engine_start": 932, "engine_speed": 2318.0}