{"ambient_air_temperature": 23, "vehicle_speed": 21, "throttle_position": 18.03921568627451, "time": "2022-01-22T15:36:06.329789Z", "runtime_since_engine_start": 842, "engine_speed": 1454.0}