{"ambient_air_temperature": 24, "vehicle_speed": 30, "throttle_position": 39.21568627450981, "time": "2022-01-22T15:35:34.789882Z", "runtime_since_engine_start": 811, "engine_speed": 1992.0}