{"ambient_air_temperature": 25, "vehicle_speed": 0, "throttle_position": 12.549019607843137, "time": "2022-01-22T15:33:23.408027Z", "runtime_since_engine_start": 679, "engine_speed": 833.0}