{"ambient_air_temperature": 27, "vehicle_speed": 49, "throttle_position": 12.549019607843137, "time": "2022-01-22T15:24:57.531761Z", "runtime_since_engine_start": 174, "engine_speed": 1728.5}