{"ambient_air_temperature": 27, "vehicle_speed": 24, "throttle_position": 14.901960784313726, "time": "2022-01-22T15:23:17.951138Z", "runtime_since_engine_start": 74, "engine_speed": 1103.0}