{"ambient_air_temperature": 27, "vehicle_speed": 6, "throttle_position": 12.941176470588236, "time": "2022-01-22T15:23:28.059582Z", "runtime_since_engine_start": 84, "engine_speed": 860.0}