{"ambient_air_temperature": 27, "vehicle_speed": 53, "throttle_position": 17.647058823529413, "time": "2022-01-22T15:24:48.791357Z", "runtime_since_engine_start": 165, "engine_speed": 2382.5}