{"ambient_air_temperature": 27, "vehicle_speed": 12, "throttle_position": 23.52941176470588, "time": "2022-01-22T15:29:36.286376Z", "runtime_since_engine_start": 452, "engine_speed": 1515.5}