{"ambient_air_temperature": 24, "vehicle_speed": 42, "throttle_position": 34.90196078431372, "time": "2022-01-22T15:34:59.677149Z", "runtime_since_engine_start": 776, "engine_speed": 2855.5}