{"ambient_air_temperature": 24, "vehicle_speed": 43, "throttle_position": 35.294117647058826, "time": "2022-01-22T15:35:37.067022Z", "runtime_since_engine_start": 813, "engine_speed": 2870.5}