{"ambient_air_temperature": 27, "vehicle_speed": 36, "throttle_position": 12.156862745098039, "time": "2022-01-22T15:29:04.176353Z", "runtime_since_engine_start": 420, "engine_speed": 1616.5}