{"ambient_air_temperature": 25, "vehicle_speed": 50, "throttle_position": 13.333333333333334, "time": "2022-01-22T15:33:04.698370Z", "runtime_since_engine_start": 661, "engine_speed": 2245.5}