{"ambient_air_temperature": 27, "vehicle_speed": 31, "throttle_position": 14.117647058823529, "time": "2022-01-22T15:30:56.913965Z", "runtime_since_engine_start": 533, "engine_speed": 2075.5}