{"ambient_air_temperature": 23, "vehicle_speed": 49, "throttle_position": 24.705882352941178, "time": "2022-01-22T15:37:29.724838Z", "runtime_since_engine_start": 926, "engine_speed": 2220.0}