{"ambient_air_temperature": 25, "vehicle_speed": 46, "throttle_position": 43.529411764705884, "time": "2022-01-22T15:32:55.794902Z", "runtime_since_engine_start": 652, "engine_speed": 2096.0}