{"ambient_air_temperature": 23, "vehicle_speed": 42, "throttle_position": 12.941176470588236, "time": "2022-01-22T15:37:23.085183Z", "runtime_since_engine_start": 919, "engine_speed": 1897.5}