{"ambient_air_temperature": 26, "vehicle_speed": 48, "throttle_position": 16.862745098039216, "time": "2022-01-22T15:31:57.139876Z", "runtime_since_engine_start": 593, "engine_speed": 2163.5}