{"ambient_air_temperature": 27, "vehicle_speed": 18, "throttle_position": 13.333333333333334, "time": "2022-01-22T15:29:38.029456Z", "runtime_since_engine_start": 454, "engine_speed": 2199.5}