{"ambient_air_temperature": 25, "vehicle_speed": 35, "throttle_position": 19.215686274509803, "time": "2022-01-22T15:34:03.671172Z", "runtime_since_engine_start": 720, "engine_speed": 2351.0}