{"ambient_air_temperature": 26, "vehicle_speed": 7, "throttle_position": 13.72549019607843, "time": "2022-01-22T15:22:42.386265Z", "runtime_since_engine_start": 38, "engine_speed": 854.5}