{"ambient_air_temperature": 27, "vehicle_speed": 15, "throttle_position": 17.647058823529413, "time": "2022-01-22T15:30:30.695356Z", "runtime_since_engine_start": 507, "engine_speed": 1927.0}