{"ambient_air_temperature": 25, "vehicle_speed": 0, "throttle_position": 12.549019607843137, "time": "2022-01-22T15:33:19.263381Z", "runtime_since_engine_start": 675, "engine_speed": 843.0}