{"ambient_air_temperature": 22, "vehicle_speed": 7, "throttle_position": 11.76470588235294, "time": "2022-01-22T15:38:38.001480Z", "runtime_since_engine_start": 994, "engine_speed": 819.5}