{"ambient_air_temperature": 27, "vehicle_speed": 53, "throttle_position": 26.666666666666668, "time": "2022-01-22T15:24:51.377576Z", "runtime_since_engine_start": 167, "engine_speed": 2419.5}