{"ambient_air_temperature": 21, "vehicle_speed": 56, "throttle_position": 21.96078431372549, "time": "2022-01-22T15:38:10.490721Z", "runtime_since_engine_start": 967, "engine_speed": 2537.0}