{"ambient_air_temperature": 25, "vehicle_speed": 37, "throttle_position": 22.352941176470587, "time": "2022-01-22T15:34:04.383279Z", "runtime_since_engine_start": 720, "engine_speed": 2439.5}