{"ambient_air_temperature": 22, "vehicle_speed": 54, "throttle_position": 70.58823529411765, "time": "2022-01-22T15:35:49.008635Z", "runtime_since_engine_start": 825, "engine_speed": 2432.5}