{"ambient_air_temperature": 27, "vehicle_speed": 12, "throttle_position": 18.431372549019606, "time": "2022-01-22T15:22:59.846300Z", "runtime_since_engine_start": 56, "engine_speed": 1582.0}