{"ambient_air_temperature": 26, "vehicle_speed": 16, "throttle_position": 18.431372549019606, "time": "2022-01-22T15:22:52.686827Z", "runtime_since_engine_start": 49, "engine_speed": 2029.5}