{"ambient_air_temperature": 26, "vehicle_speed": 44, "throttle_position": 19.215686274509803, "time": "2022-01-22T15:31:50.141998Z", "runtime_since_engine_start": 586, "engine_speed": 2942.5}