{"ambient_air_temperature": 26, "vehicle_speed": 3, "throttle_position": 14.901960784313726, "time": "2022-01-22T15:33:52.500037Z", "runtime_since_engine_start": 709, "engine_speed": 1036.0}