{"ambient_air_temperature": 22, "vehicle_speed": 38, "throttle_position": 86.66666666666667, "time": "2022-01-22T15:37:59.238660Z", "runtime_since_engine_start": 955, "engine_speed": 1746.5}