{"ambient_air_temperature": 21, "vehicle_speed": 57, "throttle_position": 28.627450980392158, "time": "2022-01-22T15:38:07.521261Z", "runtime_since_engine_start": 964, "engine_speed": 2567.0}