{"ambient_air_temperature": 27, "vehicle_speed": 41, "throttle_position": 18.431372549019606, "time": "2022-01-22T15:31:13.461241Z", "runtime_since_engine_start": 549, "engine_speed": 2731.0}