{"ambient_air_temperature": 26, "vehicle_speed": 44, "throttle_position": 18.823529411764707, "time": "2022-01-22T15:31:53.151554Z", "runtime_since_engine_start": 589, "engine_speed": 2023.5}