{"ambient_air_temperature": 27, "vehicle_speed": 28, "throttle_position": 12.941176470588236, "time": "2022-01-22T15:29:42.862514Z", "runtime_since_engine_start": 459, "engine_speed": 1886.5}