{"ambient_air_temperature": 27, "vehicle_speed": 29, "throttle_position": 14.901960784313726, "time": "2022-01-22T15:30:03.873500Z", "runtime_since_engine_start": 480, "engine_speed": 1907.5}