{"ambient_air_temperature": 24, "vehicle_speed": 11, "throttle_position": 11.372549019607844, "time": "2022-01-22T15:36:35.668474Z", "runtime_since_engine_start": 872, "engine_speed": 982.5}