{"ambient_air_temperature": 24, "vehicle_speed": 18, "throttle_position": 39.6078431372549, "time": "2022-01-22T15:36:41.755253Z", "runtime_since_engine_start": 878, "engine_speed": 1305.5}