{"ambient_air_temperature": 24, "vehicle_speed": 0, "throttle_position": 14.509803921568627, "time": "2022-01-22T15:36:30.938993Z", "runtime_since_engine_start": 867, "engine_speed": 1846.0}