{"ambient_air_temperature": 27, "vehicle_speed": 11, "throttle_position": 13.333333333333334, "time": "2022-01-22T15:27:28.455958Z", "runtime_since_engine_start": 324, "engine_speed": 1392.5}