{"ambient_air_temperature": 25, "vehicle_speed": 39, "throttle_position": 16.862745098039216, "time": "2022-01-22T15:34:40.339981Z", "runtime_since_engine_start": 756, "engine_speed": 1798.5}