{"ambient_air_temperature": 25, "vehicle_speed": 40, "throttle_position": 10.588235294117647, "time": "2022-01-22T15:34:13.228597Z", "runtime_since_engine_start": 729, "engine_speed": 1823.5}