{"ambient_air_temperature": 27, "vehicle_speed": 36, "throttle_position": 14.509803921568627, "time": "2022-01-22T15:25:10.184828Z", "runtime_since_engine_start": 186, "engine_speed": 1270.5}