{"ambient_air_temperature": 26, "vehicle_speed": 21, "throttle_position": 23.52941176470588, "time": "2022-01-22T15:33:58.003016Z", "runtime_since_engine_start": 714, "engine_speed": 1386.5}