{"ambient_air_temperature": 25, "vehicle_speed": 48, "throttle_position": 14.901960784313726, "time": "2022-01-22T15:34:27.017127Z", "runtime_since_engine_start": 743, "engine_speed": 2190.0}