{"ambient_air_temperature": 23, "vehicle_speed": 32, "throttle_position": 12.549019607843137, "time": "2022-01-22T15:36:50.932480Z", "runtime_since_engine_start": 887, "engine_speed": 2133.5}