{"ambient_air_temperature": 26, "vehicle_speed": 12, "throttle_position": 21.176470588235293, "time": "2022-01-22T15:32:40.556997Z", "runtime_since_engine_start": 637, "engine_speed": 1779.0}