{"ambient_air_temperature": 22, "vehicle_speed": 53, "throttle_position": 20.784313725490197, "time": "2022-01-22T15:37:45.377974Z", "runtime_since_engine_start": 941, "engine_speed": 2423.0}