{"ambient_air_temperature": 27, "vehicle_speed": 20, "throttle_position": 12.156862745098039, "time": "2022-01-22T15:30:11.402905Z", "runtime_since_engine_start": 487, "engine_speed": 845.0}