{"ambient_air_temperature": 22, "vehicle_speed": 49, "throttle_position": 17.254901960784313, "time": "2022-01-22T15:37:49.889919Z", "runtime_since_engine_start": 946, "engine_speed": 2230.0}