{"ambient_air_temperature": 26, "vehicle_speed": 6, "throttle_position": 12.549019607843137, "time": "2022-01-22T15:33:46.866739Z", "runtime_since_engine_start": 703, "engine_speed": 838.0}