{"ambient_air_temperature": 27, "vehicle_speed": 0, "throttle_position": 12.549019607843137, "time": "2022-01-22T15:27:59.186676Z", "runtime_since_engine_start": 355, "engine_speed": 834.0}