{"ambient_air_temperature": 22, "vehicle_speed": 53, "throttle_position": 25.49019607843137, "time": "2022-01-22T15:35:51.928040Z", "runtime_since_engine_start": 828, "engine_speed": 2377.5}