{"ambient_air_temperature": 27, "vehicle_speed": 21, "throttle_position": 23.52941176470588, "time": "2022-01-22T15:29:39.816603Z", "runtime_since_engine_start": 456, "engine_speed": 1426.5}