{"ambient_air_temperature": 26, "vehicle_speed": 3, "throttle_position": 14.509803921568627, "time": "2022-01-22T15:33:52.123184Z", "runtime_since_engine_start": 708, "engine_speed": 902.0}