{"ambient_air_temperature": 26, "vehicle_speed": 9, "throttle_position": 13.72549019607843, "time": "2022-01-22T15:22:34.676317Z", "runtime_since_engine_start": 31, "engine_speed": 1187.5}