{"ambient_air_temperature": 27, "vehicle_speed": 37, "throttle_position": 21.176470588235293, "time": "2022-01-22T15:23:08.458436Z", "runtime_since_engine_start": 64, "engine_speed": 1700.0}