{"ambient_air_temperature": 26, "vehicle_speed": 13, "throttle_position": 17.647058823529413, "time": "2022-01-22T15:22:51.983456Z", "runtime_since_engine_start": 48, "engine_speed": 1698.0}