{"ambient_air_temperature": 27, "vehicle_speed": 21, "throttle_position": 12.156862745098039, "time": "2022-01-22T15:27:43.176584Z", "runtime_since_engine_start": 339, "engine_speed": 1022.0}