{"ambient_air_temperature": 23, "vehicle_speed": 32, "throttle_position": 17.647058823529413, "time": "2022-01-22T15:36:46.158927Z", "runtime_since_engine_start": 882, "engine_speed": 2147.5}