{"ambient_air_temperature": 27, "vehicle_speed": 25, "throttle_position": 25.49019607843137, "time": "2022-01-22T15:31:43.129432Z", "runtime_since_engine_start": 579, "engine_speed": 1729.5}