{"ambient_air_temperature": 22, "vehicle_speed": 40, "throttle_position": 86.66666666666667, "time": "2022-01-22T15:38:00.004193Z", "runtime_since_engine_start": 956, "engine_speed": 1815.0}