{"ambient_air_temperature": 27, "vehicle_speed": 5, "throttle_position": 26.274509803921568, "time": "2022-01-22T15:32:39.789408Z", "runtime_since_engine_start": 636, "engine_speed": 2169.0}