{"ambient_air_temperature": 25, "vehicle_speed": 13, "throttle_position": 12.549019607843137, "time": "2022-01-22T15:33:14.818249Z", "runtime_since_engine_start": 671, "engine_speed": 842.0}