{"ambient_air_temperature": 23, "vehicle_speed": 54, "throttle_position": 23.137254901960784, "time": "2022-01-22T15:37:39.769185Z", "runtime_since_engine_start": 936, "engine_speed": 2437.5}