{"ambient_air_temperature": 27, "vehicle_speed": 6, "throttle_position": 12.549019607843137, "time": "2022-01-22T15:25:52.101910Z", "runtime_since_engine_start": 228, "engine_speed": 818.0}