{"ambient_air_temperature": 24, "vehicle_speed": 37, "throttle_position": 21.176470588235293, "time": "2022-01-22T15:37:06.623874Z", "runtime_since_engine_start": 903, "engine_speed": 2496.0}