{"ambient_air_temperature": 27, "vehicle_speed": 37, "throttle_position": 13.333333333333334, "time": "2022-01-22T15:23:07.712794Z", "runtime_since_engine_start": 64, "engine_speed": 1744.0}