{"ambient_air_temperature": 26, "vehicle_speed": 18, "throttle_position": 13.333333333333334, "time": "2022-01-22T15:33:56.151354Z", "runtime_since_engine_start": 712, "engine_speed": 2269.5}