{"ambient_air_temperature": 27, "vehicle_speed": 33, "throttle_position": 11.372549019607844, "time": "2022-01-22T15:31:34.291452Z", "runtime_since_engine_start": 570, "engine_speed": 1064.5}