{"ambient_air_temperature": 27, "vehicle_speed": 28, "throttle_position": 19.607843137254903, "time": "2022-01-22T15:30:42.542670Z", "runtime_since_engine_start": 519, "engine_speed": 1912.0}