{"ambient_air_temperature": 23, "vehicle_speed": 34, "throttle_position": 14.509803921568627, "time": "2022-01-22T15:36:54.719578Z", "runtime_since_engine_start": 891, "engine_speed": 2237.5}