{"ambient_air_temperature": 21, "vehicle_speed": 47, "throttle_position": 12.941176470588236, "time": "2022-01-22T15:35:54.177917Z", "runtime_since_engine_start": 830, "engine_speed": 2143.0}