{"ambient_air_temperature": 27, "vehicle_speed": 16, "throttle_position": 12.549019607843137, "time": "2022-01-22T15:27:46.768735Z", "runtime_since_engine_start": 343, "engine_speed": 842.0}