{"ambient_air_temperature": 26, "vehicle_speed": 8, "throttle_position": 12.941176470588236, "time": "2022-01-22T15:22:46.674029Z", "runtime_since_engine_start": 43, "engine_speed": 985.5}