{"ambient_air_temperature": 24, "vehicle_speed": 11, "throttle_position": 23.52941176470588, "time": "2022-01-22T15:36:33.123951Z", "runtime_since_engine_start": 869, "engine_speed": 1467.5}