{"ambient_air_temperature": 24, "vehicle_speed": 48, "throttle_position": 24.313725490196077, "time": "2022-01-22T15:35:01.929849Z", "runtime_since_engine_start": 778, "engine_speed": 2437.5}