{"ambient_air_temperature": 24, "vehicle_speed": 46, "throttle_position": 34.90196078431372, "time": "2022-01-22T15:35:00.454612Z", "runtime_since_engine_start": 776, "engine_speed": 3100.0}