{"ambient_air_temperature": 27, "vehicle_speed": 22, "throttle_position": 14.509803921568627, "time": "2022-01-22T15:27:04.890522Z", "runtime_since_engine_start": 301, "engine_speed": 1462.0}