{"ambient_air_temperature": 27, "vehicle_speed": 14, "throttle_position": 12.156862745098039, "time": "2022-01-22T15:29:26.558595Z", "runtime_since_engine_start": 443, "engine_speed": 826.0}