{"ambient_air_temperature": 27, "vehicle_speed": 33, "throttle_position": 14.901960784313726, "time": "2022-01-22T15:30:48.847706Z", "runtime_since_engine_start": 525, "engine_speed": 2145.0}