{"ambient_air_temperature": 27, "vehicle_speed": 24, "throttle_position": 12.941176470588236, "time": "2022-01-22T15:23:22.548579Z", "runtime_since_engine_start": 79, "engine_speed": 973.0}