{"ambient_air_temperature": 27, "vehicle_speed": 4, "throttle_position": 22.352941176470587, "time": "2022-01-22T15:28:29.726971Z", "runtime_since_engine_start": 386, "engine_speed": 2071.5}