{"ambient_air_temperature": 27, "vehicle_speed": 39, "throttle_position": 16.862745098039216, "time": "2022-01-22T15:31:22.282605Z", "runtime_since_engine_start": 558, "engine_speed": 2624.0}