{"ambient_air_temperature": 26, "vehicle_speed": 42, "throttle_position": 21.176470588235293, "time": "2022-01-22T15:31:48.686483Z", "runtime_since_engine_start": 585, "engine_speed": 2776.0}