{"ambient_air_temperature": 23, "vehicle_speed": 33, "throttle_position": 14.901960784313726, "time": "2022-01-22T15:36:47.987697Z", "runtime_since_engine_start": 884, "engine_speed": 2175.0}