{"ambient_air_temperature": 27, "vehicle_speed": 9, "throttle_position": 12.549019607843137, "time": "2022-01-22T15:27:11.758867Z", "runtime_since_engine_start": 308, "engine_speed": 908.0}