{"ambient_air_temperature": 26, "vehicle_speed": 0, "throttle_position": 12.549019607843137, "time": "2022-01-22T15:33:29.503259Z", "runtime_since_engine_start": 686, "engine_speed": 837.0}