{"ambient_air_temperature": 25, "vehicle_speed": 46, "throttle_position": 12.941176470588236, "time": "2022-01-22T15:34:30.228800Z", "runtime_since_engine_start": 746, "engine_speed": 2056.5}