{"ambient_air_temperature": 23, "vehicle_speed": 26, "throttle_position": 12.941176470588236, "time": "2022-01-22T15:36:13.826492Z", "runtime_since_engine_start": 850, "engine_speed": 1725.5}