{"ambient_air_temperature": 25, "vehicle_speed": 52, "throttle_position": 16.07843137254902, "time": "2022-01-22T15:33:02.841927Z", "runtime_since_engine_start": 659, "engine_speed": 2344.0}