{"ambient_air_temperature": 27, "vehicle_speed": 37, "throttle_position": 23.92156862745098, "time": "2022-01-22T15:28:58.721440Z", "runtime_since_engine_start": 415, "engine_speed": 1663.5}