{"ambient_air_temperature": 21, "vehicle_speed": 61, "throttle_position": 12.156862745098039, "time": "2022-01-22T15:38:28.359494Z", "runtime_since_engine_start": 984, "engine_speed": 943.5}