{"ambient_air_temperature": 27, "vehicle_speed": 6, "throttle_position": 12.156862745098039, "time": "2022-01-22T15:29:28.810376Z", "runtime_since_engine_start": 445, "engine_speed": 828.5}