{"ambient_air_temperature": 25, "vehicle_speed": 42, "throttle_position": 12.156862745098039, "time": "2022-01-22T15:33:08.802450Z", "runtime_since_engine_start": 665, "engine_speed": 888.5}