{"ambient_air_temperature": 25, "vehicle_speed": 8, "throttle_position": 11.76470588235294, "time": "2022-01-22T15:22:39.738840Z", "runtime_since_engine_start": 36, "engine_speed": 1030.5}