{"ambient_air_temperature": 25, "vehicle_speed": 23, "throttle_position": 12.156862745098039, "time": "2022-01-22T15:33:12.919352Z", "runtime_since_engine_start": 669, "engine_speed": 854.5}