{"ambient_air_temperature": 27, "vehicle_speed": 53, "throttle_position": 12.941176470588236, "time": "2022-01-22T15:24:54.631969Z", "runtime_since_engine_start": 171, "engine_speed": 1864.5}