{"ambient_air_temperature": 23, "vehicle_speed": 33, "throttle_position": 15.686274509803921, "time": "2022-01-22T15:36:48.358390Z", "runtime_since_engine_start": 884, "engine_speed": 2168.0}