{"ambient_air_temperature": 27, "vehicle_speed": 31, "throttle_position": 12.156862745098039, "time": "2022-01-22T15:25:47.065723Z", "runtime_since_engine_start": 223, "engine_speed": 903.0}