{"ambient_air_temperature": 27, "vehicle_speed": 0, "throttle_position": 21.176470588235293, "time": "2022-01-22T15:24:30.769261Z", "runtime_since_engine_start": 147, "engine_speed": 1886.5}