{"ambient_air_temperature": 21, "vehicle_speed": 62, "throttle_position": 18.431372549019606, "time": "2022-01-22T15:38:20.497161Z", "runtime_since_engine_start": 977, "engine_speed": 2787.5}