{"ambient_air_temperature": 26, "vehicle_speed": 16, "throttle_position": 20.784313725490197, "time": "2022-01-22T15:32:43.151495Z", "runtime_since_engine_start": 639, "engine_speed": 1112.5}