{"ambient_air_temperature": 27, "vehicle_speed": 36, "throttle_position": 17.254901960784313, "time": "2022-01-22T15:31:01.195245Z", "runtime_since_engine_start": 537, "engine_speed": 2395.5}