{"ambient_air_temperature": 26, "vehicle_speed": 41, "throttle_position": 20.784313725490197, "time": "2022-01-22T15:34:18.777862Z", "runtime_since_engine_start": 735, "engine_speed": 1863.0}