{"ambient_air_temperature": 25, "vehicle_speed": 40, "throttle_position": 13.72549019607843, "time": "2022-01-22T15:34:38.867212Z", "runtime_since_engine_start": 755, "engine_speed": 1853.0}