{"ambient_air_temperature": 26, "vehicle_speed": 12, "throttle_position": 20.784313725490197, "time": "2022-01-22T15:33:54.611704Z", "runtime_since_engine_start": 711, "engine_speed": 1707.0}