{"ambient_air_temperature": 25, "vehicle_speed": 47, "throttle_position": 14.509803921568627, "time": "2022-01-22T15:34:29.184232Z", "runtime_since_engine_start": 745, "engine_speed": 2133.0}