{"ambient_air_temperature": 24, "vehicle_speed": 4, "throttle_position": 19.215686274509803, "time": "2022-01-22T15:36:37.930125Z", "runtime_since_engine_start": 874, "engine_speed": 853.0}