{"ambient_air_temperature": 27, "vehicle_speed": 43, "throttle_position": 42.745098039215684, "time": "2022-01-22T15:24:42.566322Z", "runtime_since_engine_start": 159, "engine_speed": 2842.0}