{"ambient_air_temperature": 23, "vehicle_speed": 32, "throttle_position": 15.294117647058822, "time": "2022-01-22T15:36:50.174854Z", "runtime_since_engine_start": 886, "engine_speed": 2131.5}