{"ambient_air_temperature": 27, "vehicle_speed": 54, "throttle_position": 13.333333333333334, "time": "2022-01-22T15:24:53.918136Z", "runtime_since_engine_start": 170, "engine_speed": 1932.5}