{"ambient_air_temperature": 23, "vehicle_speed": 33, "throttle_position": 13.333333333333334, "time": "2022-01-22T15:36:55.473799Z", "runtime_since_engine_start": 892, "engine_speed": 2248.5}