{"ambient_air_temperature": 26, "vehicle_speed": 0, "throttle_position": 19.215686274509803, "time": "2022-01-22T15:22:32.772463Z", "runtime_since_engine_start": 29, "engine_speed": 2303.5}