{"ambient_air_temperature": 27, "vehicle_speed": 26, "throttle_position": 23.52941176470588, "time": "2022-01-22T15:30:36.563564Z", "runtime_since_engine_start": 513, "engine_speed": 1750.0}