{"ambient_air_temperature": 27, "vehicle_speed": 35, "throttle_position": 17.254901960784313, "time": "2022-01-22T15:26:57.967392Z", "runtime_since_engine_start": 294, "engine_speed": 2399.0}