{"ambient_air_temperature": 21, "vehicle_speed": 44, "throttle_position": 12.156862745098039, "time": "2022-01-22T15:38:32.100305Z", "runtime_since_engine_start": 988, "engine_speed": 848.5}