{"ambient_air_temperature": 27, "vehicle_speed": 34, "throttle_position": 12.156862745098039, "time": "2022-01-22T15:29:19.821848Z", "runtime_since_engine_start": 436, "engine_speed": 1543.5}