{"ambient_air_temperature": 23, "vehicle_speed": 22, "throttle_position": 11.76470588235294, "time": "2022-01-22T15:36:01.576309Z", "runtime_since_engine_start": 838, "engine_speed": 1449.0}