{"ambient_air_temperature": 27, "vehicle_speed": 53, "throttle_position": 18.823529411764707, "time": "2022-01-22T15:24:48.067134Z", "runtime_since_engine_start": 164, "engine_speed": 2372.5}