{"ambient_air_temperature": 24, "vehicle_speed": 41, "throttle_position": 21.56862745098039, "time": "2022-01-22T15:37:25.671449Z", "runtime_since_engine_start": 922, "engine_speed": 1861.0}