{"ambient_air_temperature": 23, "vehicle_speed": 50, "throttle_position": 24.313725490196077, "time": "2022-01-22T15:37:30.053748Z", "runtime_since_engine_start": 926, "engine_speed": 2254.5}