{"ambient_air_temperature": 25, "vehicle_speed": 29, "throttle_position": 12.549019607843137, "time": "2022-01-22T15:34:50.803455Z", "runtime_since_engine_start": 767, "engine_speed": 1038.5}