{"ambient_air_temperature": 26, "vehicle_speed": 48, "throttle_position": 17.254901960784313, "time": "2022-01-22T15:32:03.959228Z", "runtime_since_engine_start": 600, "engine_speed": 2216.0}