{"ambient_air_temperature": 21, "vehicle_speed": 46, "throttle_position": 11.372549019607844, "time": "2022-01-22T15:38:56.952529Z", "runtime_since_engine_start": 1013, "engine_speed": 1329.5}