{"ambient_air_temperature": 22, "vehicle_speed": 50, "throttle_position": 14.509803921568627, "time": "2022-01-22T15:37:49.493091Z", "runtime_since_engine_start": 946, "engine_speed": 2260.5}