{"ambient_air_temperature": 27, "vehicle_speed": 21, "throttle_position": 10.980392156862745, "time": "2022-01-22T15:27:06.749052Z", "runtime_since_engine_start": 303, "engine_speed": 1445.0}