{"ambient_air_temperature": 26, "vehicle_speed": 37, "throttle_position": 36.86274509803921, "time": "2022-01-22T15:32:48.799457Z", "runtime_since_engine_start": 645, "engine_speed": 2438.5}