{"ambient_air_temperature": 27, "vehicle_speed": 16, "throttle_position": 12.549019607843137, "time": "2022-01-22T15:27:09.225900Z", "runtime_since_engine_start": 305, "engine_speed": 1062.5}