{"ambient_air_temperature": 21, "vehicle_speed": 8, "throttle_position": 14.509803921568627, "time": "2022-01-22T15:39:08.351809Z", "runtime_since_engine_start": 1024, "engine_speed": 1559.0}