{"ambient_air_temperature": 27, "vehicle_speed": 40, "throttle_position": 12.549019607843137, "time": "2022-01-22T15:25:25.152144Z", "runtime_since_engine_start": 201, "engine_speed": 1432.0}