{"ambient_air_temperature": 26, "vehicle_speed": 44, "throttle_position": 14.117647058823529, "time": "2022-01-22T15:31:52.018861Z", "runtime_since_engine_start": 588, "engine_speed": 2059.0}