{"ambient_air_temperature": 27, "vehicle_speed": 26, "throttle_position": 10.980392156862745, "time": "2022-01-22T15:23:20.442794Z", "runtime_since_engine_start": 76, "engine_speed": 1172.0}