{"ambient_air_temperature": 21, "vehicle_speed": 55, "throttle_position": 30.980392156862745, "time": "2022-01-22T15:38:06.411207Z", "runtime_since_engine_start": 962, "engine_speed": 2486.5}