{"ambient_air_temperature": 27, "vehicle_speed": 0, "throttle_position": 13.333333333333334, "time": "2022-01-22T15:26:29.889818Z", "runtime_since_engine_start": 266, "engine_speed": 850.0}