{"ambient_air_temperature": 25, "vehicle_speed": 0, "throttle_position": 13.333333333333334, "time": "2022-01-22T15:22:30.184966Z", "runtime_since_engine_start": 26, "engine_speed": 999.0}