{"ambient_air_temperature": 27, "vehicle_speed": 33, "throttle_position": 13.333333333333334, "time": "2022-01-22T15:30:53.673735Z", "runtime_since_engine_start": 530, "engine_speed": 2157.5}