{"ambient_air_temperature": 24, "vehicle_speed": 41, "throttle_position": 35.68627450980392, "time": "2022-01-22T15:34:59.303034Z", "runtime_since_engine_start": 775, "engine_speed": 2719.5}