{"ambient_air_temperature": 26, "vehicle_speed": 0, "throttle_position": 18.03921568627451, "time": "2022-01-22T15:22:33.161640Z", "runtime_since_engine_start": 29, "engine_speed": 1955.0}