{"ambient_air_temperature": 25, "vehicle_speed": 48, "throttle_position": 14.509803921568627, "time": "2022-01-22T15:34:28.477738Z", "runtime_since_engine_start": 745, "engine_speed": 2153.5}