{"ambient_air_temperature": 25, "vehicle_speed": 41, "throttle_position": 13.72549019607843, "time": "2022-01-22T15:34:38.504795Z", "runtime_since_engine_start": 755, "engine_speed": 1832.0}