{"ambient_air_temperature": 27, "vehicle_speed": 42, "throttle_position": 18.823529411764707, "time": "2022-01-22T15:25:01.161078Z", "runtime_since_engine_start": 177, "engine_speed": 1506.5}