{"ambient_air_temperature": 21, "vehicle_speed": 53, "throttle_position": 30.980392156862745, "time": "2022-01-22T15:38:05.681520Z", "runtime_since_engine_start": 962, "engine_speed": 2420.0}