{"ambient_air_temperature": 27, "vehicle_speed": 5, "throttle_position": 24.313725490196077, "time": "2022-01-22T15:27:37.760276Z", "runtime_since_engine_start": 334, "engine_speed": 1921.0}