{"ambient_air_temperature": 22, "vehicle_speed": 12, "throttle_position": 36.07843137254902, "time": "2022-01-22T15:38:43.259687Z", "runtime_since_engine_start": 999, "engine_speed": 1817.5}