{"ambient_air_temperature": 23, "vehicle_speed": 45, "throttle_position": 17.647058823529413, "time": "2022-01-22T15:37:19.794477Z", "runtime_since_engine_start": 916, "engine_speed": 2045.5}