{"ambient_air_temperature": 27, "vehicle_speed": 36, "throttle_position": 13.72549019607843, "time": "2022-01-22T15:31:32.827920Z", "runtime_since_engine_start": 569, "engine_speed": 2426.0}