{"ambient_air_temperature": 27, "vehicle_speed": 34, "throttle_position": 16.470588235294116, "time": "2022-01-22T15:30:59.497488Z", "runtime_since_engine_start": 536, "engine_speed": 2274.5}