{"ambient_air_temperature": 27, "vehicle_speed": 46, "throttle_position": 12.549019607843137, "time": "2022-01-22T15:24:58.239600Z", "runtime_since_engine_start": 174, "engine_speed": 1640.0}