{"ambient_air_temperature": 21, "vehicle_speed": 59, "throttle_position": 16.862745098039216, "time": "2022-01-22T15:38:16.040900Z", "runtime_since_engine_start": 972, "engine_speed": 2662.0}