{"ambient_air_temperature": 24, "vehicle_speed": 43, "throttle_position": 21.176470588235293, "time": "2022-01-22T15:37:10.700231Z", "runtime_since_engine_start": 907, "engine_speed": 1946.5}