{"ambient_air_temperature": 24, "vehicle_speed": 41, "throttle_position": 19.607843137254903, "time": "2022-01-22T15:37:08.090670Z", "runtime_since_engine_start": 904, "engine_speed": 2655.0}