{"ambient_air_temperature": 25, "vehicle_speed": 41, "throttle_position": 10.588235294117647, "time": "2022-01-22T15:34:12.852618Z", "runtime_since_engine_start": 729, "engine_speed": 1856.5}