{"ambient_air_temperature": 27, "vehicle_speed": 3, "throttle_position": 12.156862745098039, "time": "2022-01-22T15:30:17.401467Z", "runtime_since_engine_start": 493, "engine_speed": 834.5}