{"ambient_air_temperature": 27, "vehicle_speed": 30, "throttle_position": 12.156862745098039, "time": "2022-01-22T15:23:16.154401Z", "runtime_since_engine_start": 72, "engine_speed": 1351.5}