{"ambient_air_temperature": 27, "vehicle_speed": 6, "throttle_position": 12.549019607843137, "time": "2022-01-22T15:27:50.154331Z", "runtime_since_engine_start": 346, "engine_speed": 839.5}