{"ambient_air_temperature": 26, "vehicle_speed": 10, "throttle_position": 11.76470588235294, "time": "2022-01-22T15:22:56.591412Z", "runtime_since_engine_start": 53, "engine_speed": 1182.5}