{"ambient_air_temperature": 21, "vehicle_speed": 57, "throttle_position": 12.156862745098039, "time": "2022-01-22T15:38:29.494445Z", "runtime_since_engine_start": 986, "engine_speed": 879.0}