{"ambient_air_temperature": 27, "vehicle_speed": 0, "throttle_position": 25.49019607843137, "time": "2022-01-22T15:32:39.039663Z", "runtime_since_engine_start": 635, "engine_speed": 2401.5}