{"ambient_air_temperature": 23, "vehicle_speed": 32, "throttle_position": 23.137254901960784, "time": "2022-01-22T15:36:45.025409Z", "runtime_since_engine_start": 881, "engine_speed": 2137.5}