{"ambient_air_temperature": 24, "vehicle_speed": 13, "throttle_position": 26.666666666666668, "time": "2022-01-22T15:36:39.873441Z", "runtime_since_engine_start": 876, "engine_speed": 2697.5}