{"ambient_air_temperature": 27, "vehicle_speed": 0, "throttle_position": 13.333333333333334, "time": "2022-01-22T15:26:33.556223Z", "runtime_since_engine_start": 270, "engine_speed": 1080.5}