{"ambient_air_temperature": 24, "vehicle_speed": 51, "throttle_position": 16.470588235294116, "time": "2022-01-22T15:32:59.553164Z", "runtime_since_engine_start": 656, "engine_speed": 2300.0}