{"ambient_air_temperature": 24, "vehicle_speed": 17, "throttle_position": 21.96078431372549, "time": "2022-01-22T15:36:41.369020Z", "runtime_since_engine_start": 877, "engine_speed": 2015.0}