{"ambient_air_temperature": 27, "vehicle_speed": 28, "throttle_position": 12.549019607843137, "time": "2022-01-22T15:30:00.335160Z", "runtime_since_engine_start": 476, "engine_speed": 1860.5}