{"ambient_air_temperature": 24, "vehicle_speed": 26, "throttle_position": 35.294117647058826, "time": "2022-01-22T15:35:34.040835Z", "runtime_since_engine_start": 810, "engine_speed": 1783.0}