{"ambient_air_temperature": 27, "vehicle_speed": 37, "throttle_position": 12.549019607843137, "time": "2022-01-22T15:28:44.012368Z", "runtime_since_engine_start": 400, "engine_speed": 1689.0}