{"ambient_air_temperature": 27, "vehicle_speed": 28, "throttle_position": 47.84313725490196, "time": "2022-01-22T15:26:53.942329Z", "runtime_since_engine_start": 290, "engine_speed": 1837.0}