{"ambient_air_temperature": 24, "vehicle_speed": 36, "throttle_position": 16.470588235294116, "time": "2022-01-22T15:37:05.484445Z", "runtime_since_engine_start": 902, "engine_speed": 2354.5}