{"ambient_air_temperature": 27, "vehicle_speed": 36, "throttle_position": 12.549019607843137, "time": "2022-01-22T15:25:46.005177Z", "runtime_since_engine_start": 222, "engine_speed": 1030.0}