{"ambient_air_temperature": 23, "vehicle_speed": 50, "throttle_position": 86.66666666666667, "time": "2022-01-22T15:35:41.191209Z", "runtime_since_engine_start": 817, "engine_speed": 2275.0}