{"ambient_air_temperature": 27, "vehicle_speed": 30, "throttle_position": 18.03921568627451, "time": "2022-01-22T15:27:00.908692Z", "runtime_since_engine_start": 297, "engine_speed": 1976.0}