{"ambient_air_temperature": 24, "vehicle_speed": 36, "throttle_position": 14.901960784313726, "time": "2022-01-22T15:37:03.289935Z", "runtime_since_engine_start": 899, "engine_speed": 2392.5}