{"ambient_air_temperature": 27, "vehicle_speed": 40, "throttle_position": 16.862745098039216, "time": "2022-01-22T15:31:08.707007Z", "runtime_since_engine_start": 545, "engine_speed": 2629.5}