{"ambient_air_temperature": 27, "vehicle_speed": 34, "throttle_position": 25.49019607843137, "time": "2022-01-22T15:23:06.213054Z", "runtime_since_engine_start": 62, "engine_speed": 2226.0}