{"ambient_air_temperature": 27, "vehicle_speed": 28, "throttle_position": 12.549019607843137, "time": "2022-01-22T15:29:43.600389Z", "runtime_since_engine_start": 460, "engine_speed": 1841.5}