{"ambient_air_temperature": 27, "vehicle_speed": 19, "throttle_position": 20.392156862745097, "time": "2022-01-22T15:30:33.979309Z", "runtime_since_engine_start": 510, "engine_speed": 1312.0}