{"ambient_air_temperature": 27, "vehicle_speed": 28, "throttle_position": 14.509803921568627, "time": "2022-01-22T15:29:42.477051Z", "runtime_since_engine_start": 458, "engine_speed": 1893.5}