{"ambient_air_temperature": 23, "vehicle_speed": 26, "throttle_position": 15.294117647058822, "time": "2022-01-22T15:36:12.424360Z", "runtime_since_engine_start": 848, "engine_speed": 1766.0}