{"ambient_air_temperature": 27, "vehicle_speed": 38, "throttle_position": 12.941176470588236, "time": "2022-01-22T15:25:45.262559Z", "runtime_since_engine_start": 221, "engine_speed": 1121.5}