{"ambient_air_temperature": 26, "vehicle_speed": 7, "throttle_position": 12.156862745098039, "time": "2022-01-22T15:33:47.228461Z", "runtime_since_engine_start": 703, "engine_speed": 861.0}