{"ambient_air_temperature": 27, "vehicle_speed": 19, "throttle_position": 18.431372549019606, "time": "2022-01-22T15:30:33.596326Z", "runtime_since_engine_start": 510, "engine_speed": 1306.5}