{"ambient_air_temperature": 27, "vehicle_speed": 18, "throttle_position": 17.647058823529413, "time": "2022-01-22T15:29:53.442114Z", "runtime_since_engine_start": 469, "engine_speed": 2225.0}