{"ambient_air_temperature": 22, "vehicle_speed": 6, "throttle_position": 18.823529411764707, "time": "2022-01-22T15:38:38.751415Z", "runtime_since_engine_start": 995, "engine_speed": 997.0}