{"ambient_air_temperature": 23, "vehicle_speed": 55, "throttle_position": 22.745098039215687, "time": "2022-01-22T15:37:40.885847Z", "runtime_since_engine_start": 937, "engine_speed": 2476.0}