{"ambient_air_temperature": 27, "vehicle_speed": 23, "throttle_position": 25.88235294117647, "time": "2022-01-22T15:29:40.582196Z", "runtime_since_engine_start": 457, "engine_speed": 1572.0}