{"ambient_air_temperature": 21, "vehicle_speed": 51, "throttle_position": 10.980392156862745, "time": "2022-01-22T15:38:55.455668Z", "runtime_since_engine_start": 1011, "engine_speed": 2272.5}