{"ambient_air_temperature": 27, "vehicle_speed": 31, "throttle_position": 19.607843137254903, "time": "2022-01-22T15:30:38.393006Z", "runtime_since_engine_start": 514, "engine_speed": 2035.5}