{"ambient_air_temperature": 27, "vehicle_speed": 18, "throttle_position": 14.117647058823529, "time": "2022-01-22T15:29:51.947916Z", "runtime_since_engine_start": 468, "engine_speed": 2197.5}