{"ambient_air_temperature": 27, "vehicle_speed": 39, "throttle_position": 18.03921568627451, "time": "2022-01-22T15:31:21.173609Z", "runtime_since_engine_start": 557, "engine_speed": 2588.5}