{"ambient_air_temperature": 27, "vehicle_speed": 37, "throttle_position": 24.313725490196077, "time": "2022-01-22T15:23:08.098448Z", "runtime_since_engine_start": 64, "engine_speed": 1478.0}