{"ambient_air_temperature": 26, "vehicle_speed": 8, "throttle_position": 12.549019607843137, "time": "2022-01-22T15:22:57.744141Z", "runtime_since_engine_start": 54, "engine_speed": 900.5}