{"ambient_air_temperature": 27, "vehicle_speed": 0, "throttle_position": 12.549019607843137, "time": "2022-01-22T15:27:54.939231Z", "runtime_since_engine_start": 351, "engine_speed": 842.0}