{"ambient_air_temperature": 27, "vehicle_speed": 26, "throttle_position": 18.823529411764707, "time": "2022-01-22T15:27:02.341873Z", "runtime_since_engine_start": 298, "engine_speed": 1816.5}