{"ambient_air_temperature": 27, "vehicle_speed": 31, "throttle_position": 37.254901960784316, "time": "2022-01-22T15:26:54.687756Z", "runtime_since_engine_start": 291, "engine_speed": 2105.5}