{"ambient_air_temperature": 24, "vehicle_speed": 43, "throttle_position": 21.56862745098039, "time": "2022-01-22T15:37:17.536083Z", "runtime_since_engine_start": 914, "engine_speed": 1968.0}