{"ambient_air_temperature": 27, "vehicle_speed": 30, "throttle_position": 12.549019607843137, "time": "2022-01-22T15:31:34.985944Z", "runtime_since_engine_start": 571, "engine_speed": 843.0}