{"ambient_air_temperature": 25, "vehicle_speed": 41, "throttle_position": 12.549019607843137, "time": "2022-01-22T15:34:44.804937Z", "runtime_since_engine_start": 761, "engine_speed": 1850.0}