{"ambient_air_temperature": 21, "vehicle_speed": 6, "throttle_position": 14.509803921568627, "time": "2022-01-22T15:39:06.855984Z", "runtime_since_engine_start": 1023, "engine_speed": 863.0}