{"ambient_air_temperature": 26, "vehicle_speed": 8, "throttle_position": 14.901960784313726, "time": "2022-01-22T15:22:58.448948Z", "runtime_since_engine_start": 54, "engine_speed": 1039.5}