{"ambient_air_temperature": 27, "vehicle_speed": 26, "throttle_position": 10.980392156862745, "time": "2022-01-22T15:29:45.068922Z", "runtime_since_engine_start": 461, "engine_speed": 1739.0}