{"ambient_air_temperature": 27, "vehicle_speed": 43, "throttle_position": 19.607843137254903, "time": "2022-01-22T15:25:01.515510Z", "runtime_since_engine_start": 178, "engine_speed": 1516.0}