{"ambient_air_temperature": 25, "vehicle_speed": 0, "throttle_position": 14.117647058823529, "time": "2022-01-22T15:22:29.459784Z", "runtime_since_engine_start": 25, "engine_speed": 778.0}