{"ambient_air_temperature": 27, "vehicle_speed": 0, "throttle_position": 11.76470588235294, "time": "2022-01-22T15:26:30.630057Z", "runtime_since_engine_start": 267, "engine_speed": 797.5}