{"ambient_air_temperature": 22, "vehicle_speed": 43, "throttle_position": 11.76470588235294, "time": "2022-01-22T15:35:55.276530Z", "runtime_since_engine_start": 831, "engine_speed": 1390.5}