{"ambient_air_temperature": 23, "vehicle_speed": 31, "throttle_position": 16.07843137254902, "time": "2022-01-22T15:36:56.660503Z", "runtime_since_engine_start": 893, "engine_speed": 2060.5}