{"ambient_air_temperature": 23, "vehicle_speed": 25, "throttle_position": 11.76470588235294, "time": "2022-01-22T15:36:00.859686Z", "runtime_since_engine_start": 837, "engine_speed": 996.5}