{"ambient_air_temperature": 26, "vehicle_speed": 11, "throttle_position": 12.941176470588236, "time": "2022-01-22T15:22:36.891740Z", "runtime_since_engine_start": 33, "engine_speed": 1420.5}