{"ambient_air_temperature": 24, "vehicle_speed": 5, "throttle_position": 12.941176470588236, "time": "2022-01-22T15:36:37.543104Z", "runtime_since_engine_start": 874, "engine_speed": 841.0}