{"ambient_air_temperature": 27, "vehicle_speed": 21, "throttle_position": 12.549019607843137, "time": "2022-01-22T15:27:43.535437Z", "runtime_since_engine_start": 340, "engine_speed": 957.5}