{"ambient_air_temperature": 22, "vehicle_speed": 32, "throttle_position": 83.13725490196079, "time": "2022-01-22T15:37:56.609473Z", "runtime_since_engine_start": 953, "engine_speed": 1459.5}