{"ambient_air_temperature": 27, "vehicle_speed": 23, "throttle_position": 12.156862745098039, "time": "2022-01-22T15:25:48.918368Z", "runtime_since_engine_start": 225, "engine_speed": 840.5}