{"ambient_air_temperature": 24, "vehicle_speed": 4, "throttle_position": 34.509803921568626, "time": "2022-01-22T15:36:38.339945Z", "runtime_since_engine_start": 874, "engine_speed": 894.5}