{"ambient_air_temperature": 21, "vehicle_speed": 49, "throttle_position": 12.941176470588236, "time": "2022-01-22T15:38:56.205068Z", "runtime_since_engine_start": 1012, "engine_speed": 2210.5}