{"ambient_air_temperature": 21, "vehicle_speed": 56, "throttle_position": 18.03921568627451, "time": "2022-01-22T15:38:09.764164Z", "runtime_since_engine_start": 966, "engine_speed": 2545.5}