{"ambient_air_temperature": 26, "vehicle_speed": 7, "throttle_position": 12.941176470588236, "time": "2022-01-22T15:22:40.846588Z", "runtime_since_engine_start": 37, "engine_speed": 858.0}