{"ambient_air_temperature": 27, "vehicle_speed": 45, "throttle_position": 25.88235294117647, "time": "2022-01-22T15:24:42.943533Z", "runtime_since_engine_start": 159, "engine_speed": 2985.5}