{"ambient_air_temperature": 27, "vehicle_speed": 27, "throttle_position": 12.549019607843137, "time": "2022-01-22T15:30:00.696221Z", "runtime_since_engine_start": 477, "engine_speed": 1797.0}