{"ambient_air_temperature": 24, "vehicle_speed": 2, "throttle_position": 12.156862745098039, "time": "2022-01-22T15:36:28.360914Z", "runtime_since_engine_start": 864, "engine_speed": 832.5}