{"ambient_air_temperature": 25, "vehicle_speed": 49, "throttle_position": 15.294117647058822, "time": "2022-01-22T15:34:26.632880Z", "runtime_since_engine_start": 743, "engine_speed": 2198.5}