{"ambient_air_temperature": 23, "vehicle_speed": 19, "throttle_position": 14.509803921568627, "time": "2022-01-22T15:36:03.821999Z", "runtime_since_engine_start": 840, "engine_speed": 1297.0}