{"ambient_air_temperature": 27, "vehicle_speed": 41, "throttle_position": 14.117647058823529, "time": "2022-01-22T15:25:41.288023Z", "runtime_since_engine_start": 217, "engine_speed": 1469.5}