{"ambient_air_temperature": 26, "vehicle_speed": 0, "throttle_position": 12.156862745098039, "time": "2022-01-22T15:33:39.864259Z", "runtime_since_engine_start": 696, "engine_speed": 831.0}