{"ambient_air_temperature": 27, "vehicle_speed": 53, "throttle_position": 18.03921568627451, "time": "2022-01-22T15:24:48.423138Z", "runtime_since_engine_start": 164, "engine_speed": 2379.5}