{"ambient_air_temperature": 26, "vehicle_speed": 18, "throttle_position": 23.92156862745098, "time": "2022-01-22T15:32:43.920967Z", "runtime_since_engine_start": 640, "engine_speed": 1240.0}