{"ambient_air_temperature": 24, "vehicle_speed": 50, "throttle_position": 16.07843137254902, "time": "2022-01-22T15:32:59.935662Z", "runtime_since_engine_start": 656, "engine_speed": 2280.5}