{"ambient_air_temperature": 24, "vehicle_speed": 50, "throttle_position": 26.666666666666668, "time": "2022-01-22T15:35:02.673998Z", "runtime_since_engine_start": 779, "engine_speed": 2267.0}