{"ambient_air_temperature": 23, "vehicle_speed": 26, "throttle_position": 13.72549019607843, "time": "2022-01-22T15:36:13.449580Z", "runtime_since_engine_start": 849, "engine_speed": 1757.0}