{"ambient_air_temperature": 27, "vehicle_speed": 29, "throttle_position": 40.78431372549019, "time": "2022-01-22T15:26:54.309751Z", "runtime_since_engine_start": 290, "engine_speed": 1998.0}