{"ambient_air_temperature": 27, "vehicle_speed": 41, "throttle_position": 13.333333333333334, "time": "2022-01-22T15:25:40.587211Z", "runtime_since_engine_start": 217, "engine_speed": 1462.0}