{"ambient_air_temperature": 26, "vehicle_speed": 0, "throttle_position": 13.333333333333334, "time": "2022-01-22T15:33:43.830544Z", "runtime_since_engine_start": 700, "engine_speed": 767.0}