{"ambient_air_temperature": 21, "vehicle_speed": 10, "throttle_position": 12.941176470588236, "time": "2022-01-22T15:39:10.151771Z", "runtime_since_engine_start": 1026, "engine_speed": 1320.5}