{"ambient_air_temperature": 24, "vehicle_speed": 35, "throttle_position": 16.862745098039216, "time": "2022-01-22T15:37:01.462658Z", "runtime_since_engine_start": 897, "engine_speed": 2347.5}