{"ambient_air_temperature": 21, "vehicle_speed": 48, "throttle_position": 12.156862745098039, "time": "2022-01-22T15:38:56.573020Z", "runtime_since_engine_start": 1013, "engine_speed": 1850.5}