{"ambient_air_temperature": 27, "vehicle_speed": 0, "throttle_position": 12.549019607843137, "time": "2022-01-22T15:26:37.971541Z", "runtime_since_engine_start": 274, "engine_speed": 919.0}