{"ambient_air_temperature": 27, "vehicle_speed": 31, "throttle_position": 13.72549019607843, "time": "2022-01-22T15:30:55.470516Z", "runtime_since_engine_start": 531, "engine_speed": 2059.5}