{"ambient_air_temperature": 27, "vehicle_speed": 32, "throttle_position": 12.941176470588236, "time": "2022-01-22T15:29:21.980084Z", "runtime_since_engine_start": 438, "engine_speed": 1175.5}