{"ambient_air_temperature": 27, "vehicle_speed": 0, "throttle_position": 12.549019607843137, "time": "2022-01-22T15:26:44.559237Z", "runtime_since_engine_start": 281, "engine_speed": 872.0}