{"ambient_air_temperature": 24, "vehicle_speed": 32, "throttle_position": 19.215686274509803, "time": "2022-01-22T15:36:52.779963Z", "runtime_since_engine_start": 889, "engine_speed": 2140.5}