{"ambient_air_temperature": 27, "vehicle_speed": 34, "throttle_position": 16.07843137254902, "time": "2022-01-22T15:28:49.865610Z", "runtime_since_engine_start": 406, "engine_speed": 1561.5}