{"ambient_air_temperature": 26, "vehicle_speed": 12, "throttle_position": 17.254901960784313, "time": "2022-01-22T15:22:51.622222Z", "runtime_since_engine_start": 48, "engine_speed": 1552.0}