{"ambient_air_temperature": 27, "vehicle_speed": 18, "throttle_position": 12.941176470588236, "time": "2022-01-22T15:29:37.703692Z", "runtime_since_engine_start": 454, "engine_speed": 2284.5}