{"ambient_air_temperature": 27, "vehicle_speed": 26, "throttle_position": 12.156862745098039, "time": "2022-01-22T15:29:45.422435Z", "runtime_since_engine_start": 461, "engine_speed": 1744.5}