{"ambient_air_temperature": 21, "vehicle_speed": 56, "throttle_position": 21.176470588235293, "time": "2022-01-22T15:38:10.133898Z", "runtime_since_engine_start": 966, "engine_speed": 2538.5}