{"ambient_air_temperature": 24, "vehicle_speed": 3, "throttle_position": 12.156862745098039, "time": "2022-01-22T15:36:26.472253Z", "runtime_since_engine_start": 863, "engine_speed": 843.0}