{"ambient_air_temperature": 27, "vehicle_speed": 49, "throttle_position": 26.274509803921568, "time": "2022-01-22T15:24:45.858480Z", "runtime_since_engine_start": 162, "engine_speed": 2243.0}