{"ambient_air_temperature": 27, "vehicle_speed": 18, "throttle_position": 22.352941176470587, "time": "2022-01-22T15:24:36.623190Z", "runtime_since_engine_start": 153, "engine_speed": 1226.0}