{"ambient_air_temperature": 23, "vehicle_speed": 48, "throttle_position": 24.705882352941178, "time": "2022-01-22T15:37:29.353472Z", "runtime_since_engine_start": 925, "engine_speed": 2190.5}