{"ambient_air_temperature": 23, "vehicle_speed": 45, "throttle_position": 16.470588235294116, "time": "2022-01-22T15:37:20.171279Z", "runtime_since_engine_start": 916, "engine_speed": 2052.0}