{"ambient_air_temperature": 21, "vehicle_speed": 8, "throttle_position": 10.980392156862745, "time": "2022-01-22T15:39:12.444657Z", "runtime_since_engine_start": 1028, "engine_speed": 908.5}