{"ambient_air_temperature": 24, "vehicle_speed": 35, "throttle_position": 17.647058823529413, "time": "2022-01-22T15:37:01.094291Z", "runtime_since_engine_start": 897, "engine_speed": 2299.0}