{"ambient_air_temperature": 27, "vehicle_speed": 0, "throttle_position": 12.156862745098039, "time": "2022-01-22T15:30:24.573694Z", "runtime_since_engine_start": 501, "engine_speed": 841.5}