{"ambient_air_temperature": 24, "vehicle_speed": 50, "throttle_position": 16.470588235294116, "time": "2022-01-22T15:32:58.816298Z", "runtime_since_engine_start": 655, "engine_speed": 2279.0}