{"ambient_air_temperature": 26, "vehicle_speed": 8, "throttle_position": 13.72549019607843, "time": "2022-01-22T15:22:57.363905Z", "runtime_since_engine_start": 53, "engine_speed": 871.5}