{"ambient_air_temperature": 26, "vehicle_speed": 14, "throttle_position": 12.941176470588236, "time": "2022-01-22T15:22:55.561223Z", "runtime_since_engine_start": 52, "engine_speed": 1726.5}