{"ambient_air_temperature": 27, "vehicle_speed": 33, "throttle_position": 21.56862745098039, "time": "2022-01-22T15:30:44.461169Z", "runtime_since_engine_start": 520, "engine_speed": 2219.5}