{"ambient_air_temperature": 23, "vehicle_speed": 32, "throttle_position": 18.823529411764707, "time": "2022-01-22T15:36:47.247493Z", "runtime_since_engine_start": 883, "engine_speed": 2134.0}