{"ambient_air_temperature": 26, "vehicle_speed": 48, "throttle_position": 19.215686274509803, "time": "2022-01-22T15:32:00.197550Z", "runtime_since_engine_start": 596, "engine_speed": 2177.0}