{"ambient_air_temperature": 22, "vehicle_speed": 34, "throttle_position": 86.66666666666667, "time": "2022-01-22T15:37:57.353852Z", "runtime_since_engine_start": 953, "engine_speed": 1545.0}