{"ambient_air_temperature": 21, "vehicle_speed": 51, "throttle_position": 86.66666666666667, "time": "2022-01-22T15:38:52.541337Z", "runtime_since_engine_start": 1009, "engine_speed": 3367.0}