{"ambient_air_temperature": 24, "vehicle_speed": 51, "throttle_position": 13.333333333333334, "time": "2022-01-22T15:33:03.952171Z", "runtime_since_engine_start": 660, "engine_speed": 2290.5}