{"ambient_air_temperature": 24, "vehicle_speed": 47, "throttle_position": 16.07843137254902, "time": "2022-01-22T15:35:12.740309Z", "runtime_since_engine_start": 789, "engine_speed": 2135.5}