{"ambient_air_temperature": 26, "vehicle_speed": 7, "throttle_position": 16.862745098039216, "time": "2022-01-22T15:22:34.305375Z", "runtime_since_engine_start": 30, "engine_speed": 1407.0}