{"ambient_air_temperature": 23, "vehicle_speed": 21, "throttle_position": 14.509803921568627, "time": "2022-01-22T15:36:02.303281Z", "runtime_since_engine_start": 838, "engine_speed": 1309.5}