{"ambient_air_temperature": 21, "vehicle_speed": 50, "throttle_position": 28.235294117647058, "time": "2022-01-22T15:38:54.711785Z", "runtime_since_engine_start": 1011, "engine_speed": 2283.5}