{"ambient_air_temperature": 27, "vehicle_speed": 21, "throttle_position": 25.49019607843137, "time": "2022-01-22T15:23:01.992333Z", "runtime_since_engine_start": 58, "engine_speed": 2638.5}