{"ambient_air_temperature": 22, "vehicle_speed": 31, "throttle_position": 64.70588235294117, "time": "2022-01-22T15:37:56.255715Z", "runtime_since_engine_start": 952, "engine_speed": 1436.5}