{"ambient_air_temperature": 27, "vehicle_speed": 21, "throttle_position": 19.215686274509803, "time": "2022-01-22T15:27:06.368974Z", "runtime_since_engine_start": 302, "engine_speed": 1432.5}