{"ambient_air_temperature": 27, "vehicle_speed": 18, "throttle_position": 20.784313725490197, "time": "2022-01-22T15:27:41.021887Z", "runtime_since_engine_start": 337, "engine_speed": 2293.5}