{"ambient_air_temperature": 21, "vehicle_speed": 62, "throttle_position": 12.941176470588236, "time": "2022-01-22T15:38:22.018370Z", "runtime_since_engine_start": 978, "engine_speed": 2402.0}