{"ambient_air_temperature": 21, "vehicle_speed": 52, "throttle_position": 34.90196078431372, "time": "2022-01-22T15:38:52.880906Z", "runtime_since_engine_start": 1009, "engine_speed": 3448.0}