{"ambient_air_temperature": 27, "vehicle_speed": 37, "throttle_position": 12.156862745098039, "time": "2022-01-22T15:28:44.766441Z", "runtime_since_engine_start": 401, "engine_speed": 1705.5}