{"ambient_air_temperature": 21, "vehicle_speed": 50, "throttle_position": 86.66666666666667, "time": "2022-01-22T15:38:04.176539Z", "runtime_since_engine_start": 960, "engine_speed": 2244.5}