{"ambient_air_temperature": 27, "vehicle_speed": 40, "throttle_position": 17.647058823529413, "time": "2022-01-22T15:31:29.174393Z", "runtime_since_engine_start": 565, "engine_speed": 2655.5}