{"ambient_air_temperature": 27, "vehicle_speed": 26, "throttle_position": 20.392156862745097, "time": "2022-01-22T15:29:58.191408Z", "runtime_since_engine_start": 474, "engine_speed": 1750.0}