{"ambient_air_temperature": 27, "vehicle_speed": 13, "throttle_position": 24.705882352941178, "time": "2022-01-22T15:26:51.024612Z", "runtime_since_engine_start": 287, "engine_speed": 1588.0}