{"ambient_air_temperature": 27, "vehicle_speed": 8, "throttle_position": 16.07843137254902, "time": "2022-01-22T15:27:27.362181Z", "runtime_since_engine_start": 323, "engine_speed": 1097.5}