{"ambient_air_temperature": 25, "vehicle_speed": 37, "throttle_position": 12.156862745098039, "time": "2022-01-22T15:33:10.303363Z", "runtime_since_engine_start": 666, "engine_speed": 848.0}