{"ambient_air_temperature": 26, "vehicle_speed": 23, "throttle_position": 25.098039215686274, "time": "2022-01-22T15:32:45.414180Z", "runtime_since_engine_start": 641, "engine_speed": 1529.5}