{"ambient_air_temperature": 27, "vehicle_speed": 28, "throttle_position": 17.254901960784313, "time": "2022-01-22T15:29:42.104930Z", "runtime_since_engine_start": 458, "engine_speed": 1862.0}