{"ambient_air_temperature": 26, "vehicle_speed": 44, "throttle_position": 19.607843137254903, "time": "2022-01-22T15:31:49.754183Z", "runtime_since_engine_start": 586, "engine_speed": 2917.5}