{"ambient_air_temperature": 21, "vehicle_speed": 9, "throttle_position": 13.72549019607843, "time": "2022-01-22T15:39:11.286470Z", "runtime_since_engine_start": 1027, "engine_speed": 1150.0}