{"ambient_air_temperature": 24, "vehicle_speed": 37, "throttle_position": 12.549019607843137, "time": "2022-01-22T15:35:17.164275Z", "runtime_since_engine_start": 793, "engine_speed": 1691.0}