{"ambient_air_temperature": 27, "vehicle_speed": 37, "throttle_position": 10.980392156862745, "time": "2022-01-22T15:28:43.624354Z", "runtime_since_engine_start": 400, "engine_speed": 1669.5}