{"ambient_air_temperature": 27, "vehicle_speed": 0, "throttle_position": 20.392156862745097, "time": "2022-01-22T15:26:47.803580Z", "runtime_since_engine_start": 284, "engine_speed": 2220.0}