{"ambient_air_temperature": 27, "vehicle_speed": 44, "throttle_position": 12.549019607843137, "time": "2022-01-22T15:24:58.597091Z", "runtime_since_engine_start": 175, "engine_speed": 1577.5}