{"ambient_air_temperature": 21, "vehicle_speed": 59, "throttle_position": 17.254901960784313, "time": "2022-01-22T15:38:17.165124Z", "runtime_since_engine_start": 973, "engine_speed": 2679.5}