{"ambient_air_temperature": 27, "vehicle_speed": 26, "throttle_position": 29.019607843137255, "time": "2022-01-22T15:26:53.569872Z", "runtime_since_engine_start": 290, "engine_speed": 2414.0}