{"ambient_air_temperature": 27, "vehicle_speed": 0, "throttle_position": 18.03921568627451, "time": "2022-01-22T15:26:30.252416Z", "runtime_since_engine_start": 266, "engine_speed": 711.5}