{"ambient_air_temperature": 27, "vehicle_speed": 38, "throttle_position": 17.254901960784313, "time": "2022-01-22T15:25:27.380731Z", "runtime_since_engine_start": 203, "engine_speed": 1365.0}