{"ambient_air_temperature": 27, "vehicle_speed": 24, "throttle_position": 25.098039215686274, "time": "2022-01-22T15:24:38.486062Z", "runtime_since_engine_start": 154, "engine_speed": 1647.5}