{"ambient_air_temperature": 27, "vehicle_speed": 51, "throttle_position": 25.88235294117647, "time": "2022-01-22T15:24:46.594028Z", "runtime_since_engine_start": 163, "engine_speed": 2300.0}