{"ambient_air_temperature": 25, "vehicle_speed": 38, "throttle_position": 22.352941176470587, "time": "2022-01-22T15:32:50.257281Z", "runtime_since_engine_start": 646, "engine_speed": 1991.0}