{"ambient_air_temperature": 27, "vehicle_speed": 41, "throttle_position": 46.27450980392157, "time": "2022-01-22T15:24:42.187871Z", "runtime_since_engine_start": 158, "engine_speed": 2706.5}