{"ambient_air_temperature": 24, "vehicle_speed": 17, "throttle_position": 10.980392156862745, "time": "2022-01-22T15:35:30.399333Z", "runtime_since_engine_start": 806, "engine_speed": 1141.0}