{"ambient_air_temperature": 25, "vehicle_speed": 48, "throttle_position": 12.156862745098039, "time": "2022-01-22T15:33:06.558730Z", "runtime_since_engine_start": 663, "engine_speed": 1041.5}