{"ambient_air_temperature": 27, "vehicle_speed": 40, "throttle_position": 18.03921568627451, "time": "2022-01-22T15:31:12.300761Z", "runtime_since_engine_start": 548, "engine_speed": 2695.5}