{"ambient_air_temperature": 27, "vehicle_speed": 10, "throttle_position": 12.549019607843137, "time": "2022-01-22T15:25:51.097645Z", "runtime_since_engine_start": 227, "engine_speed": 819.0}