{"ambient_air_temperature": 24, "vehicle_speed": 18, "throttle_position": 11.372549019607844, "time": "2022-01-22T15:35:30.030446Z", "runtime_since_engine_start": 806, "engine_speed": 1184.5}