{"ambient_air_temperature": 21, "vehicle_speed": 29, "throttle_position": 86.27450980392156, "time": "2022-01-22T15:38:46.954782Z", "runtime_since_engine_start": 1003, "engine_speed": 1946.5}