{"ambient_air_temperature": 26, "vehicle_speed": 20, "throttle_position": 12.156862745098039, "time": "2022-01-22T15:32:12.477707Z", "runtime_since_engine_start": 608, "engine_speed": 821.5}