{"ambient_air_temperature": 24, "vehicle_speed": 36, "throttle_position": 15.686274509803921, "time": "2022-01-22T15:37:02.596010Z", "runtime_since_engine_start": 899, "engine_speed": 2383.0}