{"ambient_air_temperature": 23, "vehicle_speed": 26, "throttle_position": 16.07843137254902, "time": "2022-01-22T15:36:12.051834Z", "runtime_since_engine_start": 848, "engine_speed": 1756.5}