{"ambient_air_temperature": 27, "vehicle_speed": 25, "throttle_position": 15.294117647058822, "time": "2022-01-22T15:23:03.132551Z", "runtime_since_engine_start": 59, "engine_speed": 3129.5}