{"ambient_air_temperature": 21, "vehicle_speed": 58, "throttle_position": 16.07843137254902, "time": "2022-01-22T15:38:13.055418Z", "runtime_since_engine_start": 969, "engine_speed": 2635.0}