{"ambient_air_temperature": 27, "vehicle_speed": 39, "throttle_position": 23.52941176470588, "time": "2022-01-22T15:25:28.455434Z", "runtime_since_engine_start": 204, "engine_speed": 1402.0}