{"ambient_air_temperature": 21, "vehicle_speed": 38, "throttle_position": 86.66666666666667, "time": "2022-01-22T15:38:48.865004Z", "runtime_since_engine_start": 1005, "engine_speed": 2532.5}