{"ambient_air_temperature": 25, "vehicle_speed": 46, "throttle_position": 18.03921568627451, "time": "2022-01-22T15:34:09.108415Z", "runtime_since_engine_start": 725, "engine_speed": 2099.5}