{"ambient_air_temperature": 21, "vehicle_speed": 0, "throttle_position": 12.156862745098039, "time": "2022-01-22T15:39:18.071886Z", "runtime_since_engine_start": 1034, "engine_speed": 848.0}