{"ambient_air_temperature": 24, "vehicle_speed": 0, "throttle_position": 19.215686274509803, "time": "2022-01-22T15:36:29.829174Z", "runtime_since_engine_start": 866, "engine_speed": 1198.5}