{"ambient_air_temperature": 25, "vehicle_speed": 0, "throttle_position": 13.72549019607843, "time": "2022-01-22T15:22:27.354516Z", "runtime_since_engine_start": 23, "engine_speed": 878.0}