{"ambient_air_temperature": 27, "vehicle_speed": 0, "throttle_position": 12.549019607843137, "time": "2022-01-22T15:30:20.612763Z", "runtime_since_engine_start": 497, "engine_speed": 837.5}