{"ambient_air_temperature": 27, "vehicle_speed": 38, "throttle_position": 16.07843137254902, "time": "2022-01-22T15:25:17.558417Z", "runtime_since_engine_start": 194, "engine_speed": 1340.0}