{"ambient_air_temperature": 22, "vehicle_speed": 41, "throttle_position": 86.66666666666667, "time": "2022-01-22T15:38:00.390268Z", "runtime_since_engine_start": 956, "engine_speed": 1853.5}