{"ambient_air_temperature": 25, "vehicle_speed": 42, "throttle_position": 12.156862745098039, "time": "2022-01-22T15:34:44.431409Z", "runtime_since_engine_start": 760, "engine_speed": 1890.0}