{"ambient_air_temperature": 27, "vehicle_speed": 0, "throttle_position": 12.549019607843137, "time": "2022-01-22T15:27:52.742447Z", "runtime_since_engine_start": 349, "engine_speed": 828.0}