{"ambient_air_temperature": 24, "vehicle_speed": 0, "throttle_position": 16.470588235294116, "time": "2022-01-22T15:36:30.572166Z", "runtime_since_engine_start": 867, "engine_speed": 2416.5}