{"ambient_air_temperature": 27, "vehicle_speed": 38, "throttle_position": 12.941176470588236, "time": "2022-01-22T15:23:11.405057Z", "runtime_since_engine_start": 67, "engine_speed": 1771.0}