{"ambient_air_temperature": 27, "vehicle_speed": 31, "throttle_position": 12.941176470588236, "time": "2022-01-22T15:30:40.662259Z", "runtime_since_engine_start": 517, "engine_speed": 2043.0}