{"ambient_air_temperature": 21, "vehicle_speed": 25, "throttle_position": 76.86274509803921, "time": "2022-01-22T15:38:46.188010Z", "runtime_since_engine_start": 1002, "engine_speed": 1671.5}