{"ambient_air_temperature": 27, "vehicle_speed": 27, "throttle_position": 11.76470588235294, "time": "2022-01-22T15:23:16.850980Z", "runtime_since_engine_start": 73, "engine_speed": 1236.5}