{"ambient_air_temperature": 25, "vehicle_speed": 39, "throttle_position": 12.941176470588236, "time": "2022-01-22T15:32:49.905017Z", "runtime_since_engine_start": 646, "engine_speed": 1844.0}