{"ambient_air_temperature": 22, "vehicle_speed": 48, "throttle_position": 18.03921568627451, "time": "2022-01-22T15:37:50.256086Z", "runtime_since_engine_start": 946, "engine_speed": 2191.5}