{"ambient_air_temperature": 25, "vehicle_speed": 43, "throttle_position": 18.431372549019606, "time": "2022-01-22T15:34:33.226921Z", "runtime_since_engine_start": 749, "engine_speed": 1938.0}