{"ambient_air_temperature": 23, "vehicle_speed": 47, "throttle_position": 24.313725490196077, "time": "2022-01-22T15:37:28.992527Z", "runtime_since_engine_start": 925, "engine_speed": 2142.0}