{"ambient_air_temperature": 26, "vehicle_speed": 6, "throttle_position": 12.156862745098039, "time": "2022-01-22T15:33:49.860731Z", "runtime_since_engine_start": 706, "engine_speed": 899.5}