{"ambient_air_temperature": 27, "vehicle_speed": 0, "throttle_position": 13.333333333333334, "time": "2022-01-22T15:26:33.196922Z", "runtime_since_engine_start": 269, "engine_speed": 1091.5}