{"ambient_air_temperature": 25, "vehicle_speed": 0, "throttle_position": 12.156862745098039, "time": "2022-01-22T15:33:20.024282Z", "runtime_since_engine_start": 676, "engine_speed": 836.5}