{"ambient_air_temperature": 27, "vehicle_speed": 35, "throttle_position": 23.92156862745098, "time": "2022-01-22T15:28:42.862807Z", "runtime_since_engine_start": 399, "engine_speed": 1615.0}