{"ambient_air_temperature": 27, "vehicle_speed": 0, "throttle_position": 12.549019607843137, "time": "2022-01-22T15:23:54.784453Z", "runtime_since_engine_start": 111, "engine_speed": 858.0}