{"ambient_air_temperature": 27, "vehicle_speed": 23, "throttle_position": 22.352941176470587, "time": "2022-01-22T15:23:02.394391Z", "runtime_since_engine_start": 58, "engine_speed": 2922.5}