{"ambient_air_temperature": 27, "vehicle_speed": 43, "throttle_position": 14.509803921568627, "time": "2022-01-22T15:25:37.690221Z", "runtime_since_engine_start": 214, "engine_speed": 1553.5}