{"ambient_air_temperature": 25, "vehicle_speed": 40, "throttle_position": 17.647058823529413, "time": "2022-01-22T15:34:41.466093Z", "runtime_since_engine_start": 757, "engine_speed": 1823.5}