{"ambient_air_temperature": 27, "vehicle_speed": 37, "throttle_position": 17.254901960784313, "time": "2022-01-22T15:31:01.835019Z", "runtime_since_engine_start": 538, "engine_speed": 2458.0}