{"ambient_air_temperature": 24, "vehicle_speed": 50, "throttle_position": 28.235294117647058, "time": "2022-01-22T15:35:03.011391Z", "runtime_since_engine_start": 779, "engine_speed": 2277.0}