{"ambient_air_temperature": 24, "vehicle_speed": 17, "throttle_position": 22.352941176470587, "time": "2022-01-22T15:35:32.217220Z", "runtime_since_engine_start": 808, "engine_speed": 1174.0}