{"ambient_air_temperature": 27, "vehicle_speed": 7, "throttle_position": 12.549019607843137, "time": "2022-01-22T15:27:34.360806Z", "runtime_since_engine_start": 330, "engine_speed": 854.0}