{"ambient_air_temperature": 25, "vehicle_speed": 40, "throttle_position": 28.235294117647058, "time": "2022-01-22T15:32:51.385056Z", "runtime_since_engine_start": 647, "engine_speed": 1820.5}