{"ambient_air_temperature": 23, "vehicle_speed": 31, "throttle_position": 20.392156862745097, "time": "2022-01-22T15:36:46.524295Z", "runtime_since_engine_start": 883, "engine_speed": 2089.5}