{"ambient_air_temperature": 27, "vehicle_speed": 38, "throttle_position": 13.72549019607843, "time": "2022-01-22T15:29:14.533432Z", "runtime_since_engine_start": 431, "engine_speed": 1718.0}