{"ambient_air_temperature": 27, "vehicle_speed": 35, "throttle_position": 18.03921568627451, "time": "2022-01-22T15:25:14.912276Z", "runtime_since_engine_start": 191, "engine_speed": 1233.5}