{"ambient_air_temperature": 27, "vehicle_speed": 20, "throttle_position": 12.549019607843137, "time": "2022-01-22T15:23:24.648870Z", "runtime_since_engine_start": 81, "engine_speed": 915.0}