{"ambient_air_temperature": 24, "vehicle_speed": 34, "throttle_position": 18.03921568627451, "time": "2022-01-22T15:37:00.705118Z", "runtime_since_engine_start": 897, "engine_speed": 2288.5}