{"ambient_air_temperature": 22, "vehicle_speed": 7, "throttle_position": 25.098039215686274, "time": "2022-01-22T15:38:39.521548Z", "runtime_since_engine_start": 996, "engine_speed": 2092.5}