{"ambient_air_temperature": 27, "vehicle_speed": 14, "throttle_position": 12.156862745098039, "time": "2022-01-22T15:29:47.557844Z", "runtime_since_engine_start": 464, "engine_speed": 1015.5}