{"ambient_air_temperature": 26, "vehicle_speed": 35, "throttle_position": 12.156862745098039, "time": "2022-01-22T15:32:09.624215Z", "runtime_since_engine_start": 606, "engine_speed": 846.5}