{"ambient_air_temperature": 27, "vehicle_speed": 17, "throttle_position": 23.137254901960784, "time": "2022-01-22T15:23:01.255746Z", "runtime_since_engine_start": 57, "engine_speed": 2219.5}