{"ambient_air_temperature": 22, "vehicle_speed": 35, "throttle_position": 12.156862745098039, "time": "2022-01-22T15:35:57.522814Z", "runtime_since_engine_start": 834, "engine_speed": 925.5}