{"ambient_air_temperature": 27, "vehicle_speed": 36, "throttle_position": 12.156862745098039, "time": "2022-01-22T15:28:46.609153Z", "runtime_since_engine_start": 403, "engine_speed": 1614.5}