{"ambient_air_temperature": 23, "vehicle_speed": 32, "throttle_position": 16.07843137254902, "time": "2022-01-22T15:36:45.776688Z", "runtime_since_engine_start": 882, "engine_speed": 2120.5}