{"ambient_air_temperature": 26, "vehicle_speed": 4, "throttle_position": 18.823529411764707, "time": "2022-01-22T15:33:53.209350Z", "runtime_since_engine_start": 709, "engine_speed": 1319.5}