{"ambient_air_temperature": 27, "vehicle_speed": 16, "throttle_position": 16.470588235294116, "time": "2022-01-22T15:30:31.061962Z", "runtime_since_engine_start": 507, "engine_speed": 2038.0}