{"ambient_air_temperature": 27, "vehicle_speed": 12, "throttle_position": 12.549019607843137, "time": "2022-01-22T15:23:26.145150Z", "runtime_since_engine_start": 82, "engine_speed": 880.5}