{"ambient_air_temperature": 23, "vehicle_speed": 20, "throttle_position": 15.294117647058822, "time": "2022-01-22T15:36:02.688349Z", "runtime_since_engine_start": 839, "engine_speed": 1285.0}