{"ambient_air_temperature": 25, "vehicle_speed": 44, "throttle_position": 15.294117647058822, "time": "2022-01-22T15:34:35.040539Z", "runtime_since_engine_start": 751, "engine_speed": 1995.0}