{"ambient_air_temperature": 24, "vehicle_speed": 41, "throttle_position": 36.07843137254902, "time": "2022-01-22T15:35:36.689818Z", "runtime_since_engine_start": 813, "engine_speed": 2724.0}