{"ambient_air_temperature": 27, "vehicle_speed": 41, "throttle_position": 15.686274509803921, "time": "2022-01-22T15:31:16.717358Z", "runtime_since_engine_start": 553, "engine_speed": 2694.0}