{"ambient_air_temperature": 27, "vehicle_speed": 0, "throttle_position": 28.235294117647058, "time": "2022-01-22T15:27:16.218921Z", "runtime_since_engine_start": 312, "engine_speed": 2434.0}