{"ambient_air_temperature": 25, "vehicle_speed": 42, "throttle_position": 16.07843137254902, "time": "2022-01-22T15:34:44.034618Z", "runtime_since_engine_start": 760, "engine_speed": 1905.0}