{"ambient_air_temperature": 21, "vehicle_speed": 52, "throttle_position": 14.901960784313726, "time": "2022-01-22T15:38:53.246353Z", "runtime_since_engine_start": 1009, "engine_speed": 2954.0}