{"ambient_air_temperature": 26, "vehicle_speed": 32, "throttle_position": 23.92156862745098, "time": "2022-01-22T15:34:01.027254Z", "runtime_since_engine_start": 717, "engine_speed": 2101.0}