{"ambient_air_temperature": 25, "vehicle_speed": 43, "throttle_position": 85.88235294117646, "time": "2022-01-22T15:32:54.681672Z", "runtime_since_engine_start": 651, "engine_speed": 1979.0}