{"ambient_air_temperature": 26, "vehicle_speed": 47, "throttle_position": 17.254901960784313, "time": "2022-01-22T15:31:56.419678Z", "runtime_since_engine_start": 592, "engine_speed": 2154.0}