{"ambient_air_temperature": 27, "vehicle_speed": 19, "throttle_position": 23.137254901960784, "time": "2022-01-22T15:24:37.041047Z", "runtime_since_engine_start": 153, "engine_speed": 1259.0}