{"ambient_air_temperature": 21, "vehicle_speed": 33, "throttle_position": 86.66666666666667, "time": "2022-01-22T15:38:47.726699Z", "runtime_since_engine_start": 1004, "engine_speed": 2196.5}