{"ambient_air_temperature": 23, "vehicle_speed": 48, "throttle_position": 25.49019607843137, "time": "2022-01-22T15:35:38.961643Z", "runtime_since_engine_start": 815, "engine_speed": 2491.0}