{"ambient_air_temperature": 27, "vehicle_speed": 17, "throttle_position": 14.901960784313726, "time": "2022-01-22T15:30:31.407049Z", "runtime_since_engine_start": 507, "engine_speed": 2102.5}