{"ambient_air_temperature": 23, "vehicle_speed": 25, "throttle_position": 18.431372549019606, "time": "2022-01-22T15:36:11.273262Z", "runtime_since_engine_start": 847, "engine_speed": 1682.5}