{"ambient_air_temperature": 25, "vehicle_speed": 40, "throttle_position": 14.117647058823529, "time": "2022-01-22T15:34:39.242265Z", "runtime_since_engine_start": 755, "engine_speed": 1835.5}