{"ambient_air_temperature": 27, "vehicle_speed": 35, "throttle_position": 15.686274509803921, "time": "2022-01-22T15:30:45.878989Z", "runtime_since_engine_start": 522, "engine_speed": 2328.5}