{"ambient_air_temperature": 26, "vehicle_speed": 42, "throttle_position": 12.156862745098039, "time": "2022-01-22T15:32:07.921635Z", "runtime_since_engine_start": 604, "engine_speed": 954.5}