{"ambient_air_temperature": 27, "vehicle_speed": 7, "throttle_position": 12.156862745098039, "time": "2022-01-22T15:30:15.674999Z", "runtime_since_engine_start": 492, "engine_speed": 831.5}