{"ambient_air_temperature": 27, "vehicle_speed": 30, "throttle_position": 19.607843137254903, "time": "2022-01-22T15:30:38.016422Z", "runtime_since_engine_start": 514, "engine_speed": 1982.0}