{"ambient_air_temperature": 27, "vehicle_speed": 10, "throttle_position": 21.176470588235293, "time": "2022-01-22T15:28:30.104609Z", "runtime_since_engine_start": 386, "engine_speed": 1953.5}