{"ambient_air_temperature": 26, "vehicle_speed": 10, "throttle_position": 22.352941176470587, "time": "2022-01-22T15:33:54.270116Z", "runtime_since_engine_start": 710, "engine_speed": 1578.0}