{"ambient_air_temperature": 25, "vehicle_speed": 45, "throttle_position": 21.96078431372549, "time": "2022-01-22T15:34:08.399421Z", "runtime_since_engine_start": 724, "engine_speed": 2041.5}