{"ambient_air_temperature": 27, "vehicle_speed": 25, "throttle_position": 12.549019607843137, "time": "2022-01-22T15:30:06.655307Z", "runtime_since_engine_start": 483, "engine_speed": 1688.5}