{"ambient_air_temperature": 26, "vehicle_speed": 6, "throttle_position": 14.901960784313726, "time": "2022-01-22T15:22:42.728602Z", "runtime_since_engine_start": 39, "engine_speed": 860.5}