{"ambient_air_temperature": 21, "vehicle_speed": 65, "throttle_position": 13.333333333333334, "time": "2022-01-22T15:38:25.759076Z", "runtime_since_engine_start": 982, "engine_speed": 2322.5}