{"ambient_air_temperature": 27, "vehicle_speed": 23, "throttle_position": 19.607843137254903, "time": "2022-01-22T15:31:42.079850Z", "runtime_since_engine_start": 578, "engine_speed": 1564.5}