{"ambient_air_temperature": 26, "vehicle_speed": 9, "throttle_position": 17.254901960784313, "time": "2022-01-22T15:22:59.161401Z", "runtime_since_engine_start": 55, "engine_speed": 1243.0}