{"ambient_air_temperature": 23, "vehicle_speed": 26, "throttle_position": 12.549019607843137, "time": "2022-01-22T15:36:14.212440Z", "runtime_since_engine_start": 850, "engine_speed": 1702.0}