{"ambient_air_temperature": 27, "vehicle_speed": 5, "throttle_position": 15.294117647058822, "time": "2022-01-22T15:27:25.513924Z", "runtime_since_engine_start": 322, "engine_speed": 687.0}