{"ambient_air_temperature": 27, "vehicle_speed": 34, "throttle_position": 17.647058823529413, "time": "2022-01-22T15:28:57.228909Z", "runtime_since_engine_start": 413, "engine_speed": 1539.0}