{"ambient_air_temperature": 22, "vehicle_speed": 54, "throttle_position": 28.627450980392158, "time": "2022-01-22T15:35:49.751316Z", "runtime_since_engine_start": 826, "engine_speed": 2430.0}