{"ambient_air_temperature": 27, "vehicle_speed": 18, "throttle_position": 12.156862745098039, "time": "2022-01-22T15:31:37.771832Z", "runtime_since_engine_start": 574, "engine_speed": 878.0}