{"ambient_air_temperature": 24, "vehicle_speed": 18, "throttle_position": 23.92156862745098, "time": "2022-01-22T15:35:26.339451Z", "runtime_since_engine_start": 802, "engine_speed": 833.0}