{"ambient_air_temperature": 25, "vehicle_speed": 39, "throttle_position": 13.333333333333334, "time": "2022-01-22T15:32:49.553925Z", "runtime_since_engine_start": 646, "engine_speed": 2334.5}