{"ambient_air_temperature": 26, "vehicle_speed": 44, "throttle_position": 18.03921568627451, "time": "2022-01-22T15:31:52.396367Z", "runtime_since_engine_start": 588, "engine_speed": 2028.5}