{"ambient_air_temperature": 27, "vehicle_speed": 13, "throttle_position": 17.254901960784313, "time": "2022-01-22T15:30:29.984440Z", "runtime_since_engine_start": 506, "engine_speed": 1650.0}