{"ambient_air_temperature": 26, "vehicle_speed": 25, "throttle_position": 26.274509803921568, "time": "2022-01-22T15:33:59.154017Z", "runtime_since_engine_start": 715, "engine_speed": 1694.0}