{"ambient_air_temperature": 27, "vehicle_speed": 17, "throttle_position": 17.254901960784313, "time": "2022-01-22T15:29:38.404524Z", "runtime_since_engine_start": 454, "engine_speed": 2102.0}