{"ambient_air_temperature": 27, "vehicle_speed": 31, "throttle_position": 16.862745098039216, "time": "2022-01-22T15:28:38.377204Z", "runtime_since_engine_start": 394, "engine_speed": 2048.0}