{"ambient_air_temperature": 25, "vehicle_speed": 42, "throttle_position": 12.549019607843137, "time": "2022-01-22T15:34:37.727348Z", "runtime_since_engine_start": 754, "engine_speed": 1891.0}