{"ambient_air_temperature": 25, "vehicle_speed": 42, "throttle_position": 20.392156862745097, "time": "2022-01-22T15:34:19.910822Z", "runtime_since_engine_start": 736, "engine_speed": 1926.0}