{"ambient_air_temperature": 27, "vehicle_speed": 30, "throttle_position": 12.941176470588236, "time": "2022-01-22T15:27:00.515255Z", "runtime_since_engine_start": 297, "engine_speed": 2005.0}