{"ambient_air_temperature": 23, "vehicle_speed": 23, "throttle_position": 12.156862745098039, "time": "2022-01-22T15:36:15.664358Z", "runtime_since_engine_start": 852, "engine_speed": 1518.0}