{"ambient_air_temperature": 25, "vehicle_speed": 0, "throttle_position": 18.823529411764707, "time": "2022-01-22T15:22:32.421376Z", "runtime_since_engine_start": 28, "engine_speed": 2760.0}