{"ambient_air_temperature": 27, "vehicle_speed": 35, "throttle_position": 26.274509803921568, "time": "2022-01-22T15:23:06.605322Z", "runtime_since_engine_start": 63, "engine_speed": 2337.0}