{"ambient_air_temperature": 22, "vehicle_speed": 55, "throttle_position": 17.254901960784313, "time": "2022-01-22T15:37:43.875424Z", "runtime_since_engine_start": 940, "engine_speed": 2489.5}