{"ambient_air_temperature": 23, "vehicle_speed": 45, "throttle_position": 13.333333333333334, "time": "2022-01-22T15:37:12.433758Z", "runtime_since_engine_start": 908, "engine_speed": 2032.0}