{"ambient_air_temperature": 23, "vehicle_speed": 41, "throttle_position": 16.07843137254902, "time": "2022-01-22T15:37:15.716952Z", "runtime_since_engine_start": 912, "engine_speed": 1884.5}