{"ambient_air_temperature": 27, "vehicle_speed": 0, "throttle_position": 12.549019607843137, "time": "2022-01-22T15:23:59.714010Z", "runtime_since_engine_start": 116, "engine_speed": 857.5}