{"ambient_air_temperature": 24, "vehicle_speed": 34, "throttle_position": 14.901960784313726, "time": "2022-01-22T15:36:54.323090Z", "runtime_since_engine_start": 890, "engine_speed": 2246.5}