{"ambient_air_temperature": 27, "vehicle_speed": 5, "throttle_position": 16.07843137254902, "time": "2022-01-22T15:27:25.894922Z", "runtime_since_engine_start": 322, "engine_speed": 692.0}