{"ambient_air_temperature": 27, "vehicle_speed": 18, "throttle_position": 12.941176470588236, "time": "2022-01-22T15:23:25.025936Z", "runtime_since_engine_start": 81, "engine_speed": 929.0}