{"ambient_air_temperature": 27, "vehicle_speed": 41, "throttle_position": 14.117647058823529, "time": "2022-01-22T15:25:24.434495Z", "runtime_since_engine_start": 200, "engine_speed": 1442.5}