{"ambient_air_temperature": 25, "vehicle_speed": 6, "throttle_position": 12.156862745098039, "time": "2022-01-22T15:33:16.669499Z", "runtime_since_engine_start": 673, "engine_speed": 818.0}