{"ambient_air_temperature": 27, "vehicle_speed": 30, "throttle_position": 12.941176470588236, "time": "2022-01-22T15:28:36.569064Z", "runtime_since_engine_start": 393, "engine_speed": 1971.5}