{"ambient_air_temperature": 24, "vehicle_speed": 51, "throttle_position": 15.686274509803921, "time": "2022-01-22T15:35:06.614164Z", "runtime_since_engine_start": 783, "engine_speed": 2345.0}