{"ambient_air_temperature": 26, "vehicle_speed": 32, "throttle_position": 12.156862745098039, "time": "2022-01-22T15:32:10.322636Z", "runtime_since_engine_start": 606, "engine_speed": 829.0}