{"ambient_air_temperature": 24, "vehicle_speed": 45, "throttle_position": 16.470588235294116, "time": "2022-01-22T15:37:11.754284Z", "runtime_since_engine_start": 908, "engine_speed": 2015.5}