{"ambient_air_temperature": 27, "vehicle_speed": 55, "throttle_position": 13.333333333333334, "time": "2022-01-22T15:24:52.833523Z", "runtime_since_engine_start": 169, "engine_speed": 2488.0}