{"ambient_air_temperature": 27, "vehicle_speed": 10, "throttle_position": 12.549019607843137, "time": "2022-01-22T15:27:30.323238Z", "runtime_since_engine_start": 326, "engine_speed": 867.5}