{"ambient_air_temperature": 27, "vehicle_speed": 40, "throttle_position": 15.294117647058822, "time": "2022-01-22T15:31:27.297695Z", "runtime_since_engine_start": 563, "engine_speed": 2661.0}