{"ambient_air_temperature": 27, "vehicle_speed": 0, "throttle_position": 12.549019607843137, "time": "2022-01-22T15:28:06.684875Z", "runtime_since_engine_start": 363, "engine_speed": 837.5}