{"ambient_air_temperature": 27, "vehicle_speed": 11, "throttle_position": 12.549019607843137, "time": "2022-01-22T15:23:26.533205Z", "runtime_since_engine_start": 83, "engine_speed": 864.0}