{"ambient_air_temperature": 27, "vehicle_speed": 14, "throttle_position": 17.647058823529413, "time": "2022-01-22T15:29:50.453737Z", "runtime_since_engine_start": 466, "engine_speed": 1905.5}