{"ambient_air_temperature": 27, "vehicle_speed": 28, "throttle_position": 16.07843137254902, "time": "2022-01-22T15:30:03.536311Z", "runtime_since_engine_start": 480, "engine_speed": 1886.5}