{"ambient_air_temperature": 27, "vehicle_speed": 8, "throttle_position": 12.156862745098039, "time": "2022-01-22T15:27:32.498064Z", "runtime_since_engine_start": 329, "engine_speed": 863.5}