{"ambient_air_temperature": 27, "vehicle_speed": 33, "throttle_position": 16.862745098039216, "time": "2022-01-22T15:30:51.489521Z", "runtime_since_engine_start": 528, "engine_speed": 2205.0}