{"ambient_air_temperature": 27, "vehicle_speed": 38, "throttle_position": 17.647058823529413, "time": "2022-01-22T15:25:26.992440Z", "runtime_since_engine_start": 203, "engine_speed": 1373.5}