{"ambient_air_temperature": 23, "vehicle_speed": 15, "throttle_position": 10.980392156862745, "time": "2022-01-22T15:36:19.333405Z", "runtime_since_engine_start": 855, "engine_speed": 1004.5}