{"ambient_air_temperature": 21, "vehicle_speed": 62, "throttle_position": 14.117647058823529, "time": "2022-01-22T15:38:21.633526Z", "runtime_since_engine_start": 978, "engine_speed": 2646.5}