{"ambient_air_temperature": 27, "vehicle_speed": 19, "throttle_position": 11.372549019607844, "time": "2022-01-22T15:27:08.162456Z", "runtime_since_engine_start": 304, "engine_speed": 1222.0}