{"ambient_air_temperature": 25, "vehicle_speed": 30, "throttle_position": 27.84313725490196, "time": "2022-01-22T15:34:57.095988Z", "runtime_since_engine_start": 773, "engine_speed": 2017.5}