{"ambient_air_temperature": 27, "vehicle_speed": 0, "throttle_position": 12.156862745098039, "time": "2022-01-22T15:30:23.123063Z", "runtime_since_engine_start": 499, "engine_speed": 836.0}