{"ambient_air_temperature": 21, "vehicle_speed": 31, "throttle_position": 86.66666666666667, "time": "2022-01-22T15:38:47.343408Z", "runtime_since_engine_start": 1003, "engine_speed": 2060.5}