{"ambient_air_temperature": 24, "vehicle_speed": 45, "throttle_position": 14.117647058823529, "time": "2022-01-22T15:35:14.196816Z", "runtime_since_engine_start": 790, "engine_speed": 2043.5}