{"ambient_air_temperature": 26, "vehicle_speed": 0, "throttle_position": 12.156862745098039, "time": "2022-01-22T15:33:41.326314Z", "runtime_since_engine_start": 697, "engine_speed": 836.0}