{"ambient_air_temperature": 27, "vehicle_speed": 37, "throttle_position": 12.156862745098039, "time": "2022-01-22T15:25:09.055484Z", "runtime_since_engine_start": 185, "engine_speed": 1319.0}