{"ambient_air_temperature": 27, "vehicle_speed": 23, "throttle_position": 14.117647058823529, "time": "2022-01-22T15:31:40.655080Z", "runtime_since_engine_start": 577, "engine_speed": 1528.0}