{"ambient_air_temperature": 25, "vehicle_speed": 52, "throttle_position": 14.117647058823529, "time": "2022-01-22T15:33:03.220070Z", "runtime_since_engine_start": 659, "engine_speed": 2326.0}