{"ambient_air_temperature": 26, "vehicle_speed": 10, "throttle_position": 12.156862745098039, "time": "2022-01-22T15:22:38.351540Z", "runtime_since_engine_start": 34, "engine_speed": 1279.0}