{"ambient_air_temperature": 27, "vehicle_speed": 2, "throttle_position": 12.156862745098039, "time": "2022-01-22T15:29:30.330622Z", "runtime_since_engine_start": 446, "engine_speed": 831.5}