{"ambient_air_temperature": 25, "vehicle_speed": 26, "throttle_position": 12.156862745098039, "time": "2022-01-22T15:34:51.534214Z", "runtime_since_engine_start": 768, "engine_speed": 1709.5}