{"ambient_air_temperature": 21, "vehicle_speed": 50, "throttle_position": 12.941176470588236, "time": "2022-01-22T15:38:55.827492Z", "runtime_since_engine_start": 1012, "engine_speed": 2221.5}