{"ambient_air_temperature": 24, "vehicle_speed": 51, "throttle_position": 28.235294117647058, "time": "2022-01-22T15:35:03.360713Z", "runtime_since_engine_start": 779, "engine_speed": 2311.0}