{"ambient_air_temperature": 27, "vehicle_speed": 37, "throttle_position": 24.705882352941178, "time": "2022-01-22T15:29:08.798028Z", "runtime_since_engine_start": 425, "engine_speed": 1683.0}