{"ambient_air_temperature": 27, "vehicle_speed": 5, "throttle_position": 12.549019607843137, "time": "2022-01-22T15:27:35.876599Z", "runtime_since_engine_start": 332, "engine_speed": 842.5}