{"ambient_air_temperature": 27, "vehicle_speed": 0, "throttle_position": 19.607843137254903, "time": "2022-01-22T15:26:47.083607Z", "runtime_since_engine_start": 283, "engine_speed": 2236.0}