{"ambient_air_temperature": 27, "vehicle_speed": 53, "throttle_position": 16.862745098039216, "time": "2022-01-22T15:24:49.541635Z", "runtime_since_engine_start": 166, "engine_speed": 2372.5}