{"ambient_air_temperature": 24, "vehicle_speed": 48, "throttle_position": 15.294117647058822, "time": "2022-01-22T15:35:01.603376Z", "runtime_since_engine_start": 778, "engine_speed": 2493.0}