{"ambient_air_temperature": 27, "vehicle_speed": 25, "throttle_position": 23.92156862745098, "time": "2022-01-22T15:30:36.174835Z", "runtime_since_engine_start": 512, "engine_speed": 1674.0}