{"ambient_air_temperature": 27, "vehicle_speed": 5, "throttle_position": 20.392156862745097, "time": "2022-01-22T15:27:37.425124Z", "runtime_since_engine_start": 333, "engine_speed": 1335.0}