{"ambient_air_temperature": 27, "vehicle_speed": 23, "throttle_position": 16.07843137254902, "time": "2022-01-22T15:29:56.317640Z", "runtime_since_engine_start": 472, "engine_speed": 1954.0}