{"ambient_air_temperature": 26, "vehicle_speed": 0, "throttle_position": 12.156862745098039, "time": "2022-01-22T15:33:27.216730Z", "runtime_since_engine_start": 683, "engine_speed": 825.0}