{"ambient_air_temperature": 27, "vehicle_speed": 9, "throttle_position": 12.156862745098039, "time": "2022-01-22T15:27:18.871893Z", "runtime_since_engine_start": 315, "engine_speed": 1126.5}