{"ambient_air_temperature": 26, "vehicle_speed": 22, "throttle_position": 24.705882352941178, "time": "2022-01-22T15:33:58.388521Z", "runtime_since_engine_start": 714, "engine_speed": 1489.0}