{"ambient_air_temperature": 27, "vehicle_speed": 33, "throttle_position": 13.333333333333334, "time": "2022-01-22T15:30:52.260754Z", "runtime_since_engine_start": 528, "engine_speed": 2190.5}