{"ambient_air_temperature": 26, "vehicle_speed": 24, "throttle_position": 25.88235294117647, "time": "2022-01-22T15:33:58.771357Z", "runtime_since_engine_start": 715, "engine_speed": 1583.5}