{"ambient_air_temperature": 22, "vehicle_speed": 53, "throttle_position": 86.66666666666667, "time": "2022-01-22T15:35:47.499273Z", "runtime_since_engine_start": 824, "engine_speed": 2408.0}