{"ambient_air_temperature": 22, "vehicle_speed": 35, "throttle_position": 86.66666666666667, "time": "2022-01-22T15:37:57.720688Z", "runtime_since_engine_start": 954, "engine_speed": 1585.0}