{"ambient_air_temperature": 26, "vehicle_speed": 15, "throttle_position": 18.03921568627451, "time": "2022-01-22T15:32:42.429257Z", "runtime_since_engine_start": 638, "engine_speed": 1381.5}