{"ambient_air_temperature": 26, "vehicle_speed": 47, "throttle_position": 18.03921568627451, "time": "2022-01-22T15:31:55.303859Z", "runtime_since_engine_start": 591, "engine_speed": 2115.5}