{"ambient_air_temperature": 25, "vehicle_speed": 42, "throttle_position": 18.03921568627451, "time": "2022-01-22T15:34:32.838249Z", "runtime_since_engine_start": 749, "engine_speed": 1924.5}