{"ambient_air_temperature": 27, "vehicle_speed": 40, "throttle_position": 16.07843137254902, "time": "2022-01-22T15:31:28.790607Z", "runtime_since_engine_start": 565, "engine_speed": 2643.0}