{"ambient_air_temperature": 27, "vehicle_speed": 19, "throttle_position": 16.862745098039216, "time": "2022-01-22T15:28:32.265345Z", "runtime_since_engine_start": 388, "engine_speed": 1651.5}