{"ambient_air_temperature": 27, "vehicle_speed": 10, "throttle_position": 21.96078431372549, "time": "2022-01-22T15:26:50.661323Z", "runtime_since_engine_start": 287, "engine_speed": 1476.0}