{"ambient_air_temperature": 27, "vehicle_speed": 37, "throttle_position": 13.72549019607843, "time": "2022-01-22T15:26:57.252548Z", "runtime_since_engine_start": 293, "engine_speed": 2449.0}