{"ambient_air_temperature": 27, "vehicle_speed": 35, "throttle_position": 18.823529411764707, "time": "2022-01-22T15:30:45.212913Z", "runtime_since_engine_start": 521, "engine_speed": 2295.0}