{"ambient_air_temperature": 27, "vehicle_speed": 27, "throttle_position": 16.07843137254902, "time": "2022-01-22T15:30:02.452850Z", "runtime_since_engine_start": 478, "engine_speed": 1841.0}