{"ambient_air_temperature": 25, "vehicle_speed": 49, "throttle_position": 15.686274509803921, "time": "2022-01-22T15:34:25.463706Z", "runtime_since_engine_start": 741, "engine_speed": 2226.5}