{"ambient_air_temperature": 26, "vehicle_speed": 11, "throttle_position": 12.549019607843137, "time": "2022-01-22T15:22:44.869733Z", "runtime_since_engine_start": 41, "engine_speed": 1339.0}