{"ambient_air_temperature": 27, "vehicle_speed": 12, "throttle_position": 16.07843137254902, "time": "2022-01-22T15:27:39.230882Z", "runtime_since_engine_start": 335, "engine_speed": 1460.5}