{"ambient_air_temperature": 21, "vehicle_speed": 11, "throttle_position": 10.980392156862745, "time": "2022-01-22T15:38:40.646702Z", "runtime_since_engine_start": 997, "engine_speed": 1400.0}