{"ambient_air_temperature": 27, "vehicle_speed": 39, "throttle_position": 17.647058823529413, "time": "2022-01-22T15:23:09.575339Z", "runtime_since_engine_start": 66, "engine_speed": 1771.0}