{"ambient_air_temperature": 27, "vehicle_speed": 41, "throttle_position": 15.686274509803921, "time": "2022-01-22T15:25:24.106312Z", "runtime_since_engine_start": 200, "engine_speed": 1445.0}