{"ambient_air_temperature": 25, "vehicle_speed": 37, "throttle_position": 36.86274509803921, "time": "2022-01-22T15:34:58.592397Z", "runtime_since_engine_start": 775, "engine_speed": 2461.0}