{"ambient_air_temperature": 27, "vehicle_speed": 53, "throttle_position": 18.431372549019606, "time": "2022-01-22T15:24:49.918254Z", "runtime_since_engine_start": 166, "engine_speed": 2378.5}