{"ambient_air_temperature": 27, "vehicle_speed": 34, "throttle_position": 21.56862745098039, "time": "2022-01-22T15:28:57.595276Z", "runtime_since_engine_start": 414, "engine_speed": 1560.0}