{"ambient_air_temperature": 27, "vehicle_speed": 3, "throttle_position": 12.549019607843137, "time": "2022-01-22T15:23:29.163457Z", "runtime_since_engine_start": 85, "engine_speed": 856.0}