{"ambient_air_temperature": 27, "vehicle_speed": 20, "throttle_position": 12.156862745098039, "time": "2022-01-22T15:27:41.747528Z", "runtime_since_engine_start": 338, "engine_speed": 1803.0}