{"ambient_air_temperature": 25, "vehicle_speed": 45, "throttle_position": 12.941176470588236, "time": "2022-01-22T15:34:11.401883Z", "runtime_since_engine_start": 727, "engine_speed": 2057.5}