{"ambient_air_temperature": 27, "vehicle_speed": 26, "throttle_position": 15.686274509803921, "time": "2022-01-22T15:27:03.041983Z", "runtime_since_engine_start": 299, "engine_speed": 1736.5}