{"ambient_air_temperature": 27, "vehicle_speed": 0, "throttle_position": 18.431372549019606, "time": "2022-01-22T15:24:30.004819Z", "runtime_since_engine_start": 146, "engine_speed": 860.0}