{"ambient_air_temperature": 25, "vehicle_speed": 42, "throttle_position": 16.862745098039216, "time": "2022-01-22T15:34:43.650100Z", "runtime_since_engine_start": 760, "engine_speed": 1889.0}