{"ambient_air_temperature": 21, "vehicle_speed": 51, "throttle_position": 86.66666666666667, "time": "2022-01-22T15:38:04.533783Z", "runtime_since_engine_start": 961, "engine_speed": 2285.5}