{"ambient_air_temperature": 24, "vehicle_speed": 50, "throttle_position": 17.647058823529413, "time": "2022-01-22T15:32:58.423209Z", "runtime_since_engine_start": 654, "engine_speed": 2273.5}