{"ambient_air_temperature": 21, "vehicle_speed": 58, "throttle_position": 15.686274509803921, "time": "2022-01-22T15:38:13.794121Z", "runtime_since_engine_start": 970, "engine_speed": 2638.5}