{"ambient_air_temperature": 27, "vehicle_speed": 0, "throttle_position": 12.941176470588236, "time": "2022-01-22T15:24:05.056041Z", "runtime_since_engine_start": 121, "engine_speed": 847.5}