{"ambient_air_temperature": 27, "vehicle_speed": 36, "throttle_position": 11.76470588235294, "time": "2022-01-22T15:31:33.188831Z", "runtime_since_engine_start": 569, "engine_speed": 2305.0}