{"ambient_air_temperature": 27, "vehicle_speed": 10, "throttle_position": 22.745098039215687, "time": "2022-01-22T15:29:49.677192Z", "runtime_since_engine_start": 466, "engine_speed": 1729.0}