{"ambient_air_temperature": 27, "vehicle_speed": 42, "throttle_position": 18.431372549019606, "time": "2022-01-22T15:31:13.831996Z", "runtime_since_engine_start": 550, "engine_speed": 2753.0}