{"ambient_air_temperature": 23, "vehicle_speed": 11, "throttle_position": 12.941176470588236, "time": "2022-01-22T15:36:21.242544Z", "runtime_since_engine_start": 857, "engine_speed": 786.0}