{"ambient_air_temperature": 26, "vehicle_speed": 22, "throttle_position": 24.313725490196077, "time": "2022-01-22T15:32:45.064464Z", "runtime_since_engine_start": 641, "engine_speed": 1463.5}