{"ambient_air_temperature": 27, "vehicle_speed": 37, "throttle_position": 47.05882352941176, "time": "2022-01-22T15:24:41.464951Z", "runtime_since_engine_start": 157, "engine_speed": 2522.0}