{"ambient_air_temperature": 27, "vehicle_speed": 8, "throttle_position": 23.52941176470588, "time": "2022-01-22T15:29:35.946359Z", "runtime_since_engine_start": 452, "engine_speed": 1495.5}