{"ambient_air_temperature": 25, "vehicle_speed": 28, "throttle_position": 12.549019607843137, "time": "2022-01-22T15:34:51.162345Z", "runtime_since_engine_start": 767, "engine_speed": 1405.5}