{"ambient_air_temperature": 23, "vehicle_speed": 50, "throttle_position": 22.352941176470587, "time": "2022-01-22T15:37:30.423888Z", "runtime_since_engine_start": 926, "engine_speed": 2282.0}