{"ambient_air_temperature": 27, "vehicle_speed": 38, "throttle_position": 15.686274509803921, "time": "2022-01-22T15:25:26.659055Z", "runtime_since_engine_start": 203, "engine_speed": 1362.0}