{"ambient_air_temperature": 27, "vehicle_speed": 40, "throttle_position": 14.509803921568627, "time": "2022-01-22T15:31:17.416838Z", "runtime_since_engine_start": 553, "engine_speed": 2700.0}