{"ambient_air_temperature": 22, "vehicle_speed": 41, "throttle_position": 12.156862745098039, "time": "2022-01-22T15:35:55.661402Z", "runtime_since_engine_start": 832, "engine_speed": 1111.5}