{"ambient_air_temperature": 21, "vehicle_speed": 62, "throttle_position": 17.647058823529413, "time": "2022-01-22T15:38:20.860021Z", "runtime_since_engine_start": 977, "engine_speed": 2795.5}