{"ambient_air_temperature": 27, "vehicle_speed": 23, "throttle_position": 24.705882352941178, "time": "2022-01-22T15:24:38.129164Z", "runtime_since_engine_start": 154, "engine_speed": 1543.5}