{"ambient_air_temperature": 27, "vehicle_speed": 44, "throttle_position": 16.862745098039216, "time": "2022-01-22T15:25:02.218733Z", "runtime_since_engine_start": 178, "engine_speed": 1550.0}