{"ambient_air_temperature": 27, "vehicle_speed": 31, "throttle_position": 20.784313725490197, "time": "2022-01-22T15:30:49.978613Z", "runtime_since_engine_start": 526, "engine_speed": 2091.0}