{"ambient_air_temperature": 27, "vehicle_speed": 40, "throttle_position": 16.862745098039216, "time": "2022-01-22T15:31:22.600569Z", "runtime_since_engine_start": 559, "engine_speed": 2637.5}