{"ambient_air_temperature": 23, "vehicle_speed": 12, "throttle_position": 11.372549019607844, "time": "2022-01-22T15:36:20.469029Z", "runtime_since_engine_start": 856, "engine_speed": 857.5}