{"ambient_air_temperature": 27, "vehicle_speed": 45, "throttle_position": 23.52941176470588, "time": "2022-01-22T15:24:44.011171Z", "runtime_since_engine_start": 160, "engine_speed": 2005.0}