{"ambient_air_temperature": 27, "vehicle_speed": 5, "throttle_position": 12.549019607843137, "time": "2022-01-22T15:27:25.140981Z", "runtime_since_engine_start": 321, "engine_speed": 843.0}