{"ambient_air_temperature": 24, "vehicle_speed": 16, "throttle_position": 20.392156862745097, "time": "2022-01-22T15:36:40.248872Z", "runtime_since_engine_start": 876, "engine_speed": 2364.5}