{"ambient_air_temperature": 23, "vehicle_speed": 31, "throttle_position": 19.607843137254903, "time": "2022-01-22T15:36:52.017852Z", "runtime_since_engine_start": 888, "engine_speed": 2094.5}