{"ambient_air_temperature": 27, "vehicle_speed": 0, "throttle_position": 12.549019607843137, "time": "2022-01-22T15:26:26.960196Z", "runtime_since_engine_start": 263, "engine_speed": 848.5}