{"ambient_air_temperature": 27, "vehicle_speed": 19, "throttle_position": 12.156862745098039, "time": "2022-01-22T15:31:37.052939Z", "runtime_since_engine_start": 573, "engine_speed": 854.5}