{"ambient_air_temperature": 24, "vehicle_speed": 44, "throttle_position": 18.823529411764707, "time": "2022-01-22T15:37:18.291458Z", "runtime_since_engine_start": 914, "engine_speed": 2013.0}