{"ambient_air_temperature": 22, "vehicle_speed": 29, "throttle_position": 12.156862745098039, "time": "2022-01-22T15:35:59.377341Z", "runtime_since_engine_start": 835, "engine_speed": 856.5}