{"ambient_air_temperature": 25, "vehicle_speed": 32, "throttle_position": 29.41176470588235, "time": "2022-01-22T15:34:57.494205Z", "runtime_since_engine_start": 774, "engine_speed": 2136.5}