{"ambient_air_temperature": 25, "vehicle_speed": 0, "throttle_position": 15.686274509803921, "time": "2022-01-22T15:22:31.314723Z", "runtime_since_engine_start": 27, "engine_speed": 1002.0}