{"ambient_air_temperature": 27, "vehicle_speed": 39, "throttle_position": 20.784313725490197, "time": "2022-01-22T15:28:59.827261Z", "runtime_since_engine_start": 416, "engine_speed": 1768.0}