{"ambient_air_temperature": 25, "vehicle_speed": 38, "throttle_position": 16.470588235294116, "time": "2022-01-22T15:34:15.406355Z", "runtime_since_engine_start": 731, "engine_speed": 1727.5}