{"ambient_air_temperature": 25, "vehicle_speed": 39, "throttle_position": 25.49019607843137, "time": "2022-01-22T15:32:50.630179Z", "runtime_since_engine_start": 647, "engine_speed": 1812.0}