{"ambient_air_temperature": 27, "vehicle_speed": 18, "throttle_position": 17.647058823529413, "time": "2022-01-22T15:30:33.249846Z", "runtime_since_engine_start": 509, "engine_speed": 1260.5}