{"ambient_air_temperature": 27, "vehicle_speed": 36, "throttle_position": 25.49019607843137, "time": "2022-01-22T15:29:08.455167Z", "runtime_since_engine_start": 424, "engine_speed": 1672.0}