{"ambient_air_temperature": 25, "vehicle_speed": 10, "throttle_position": 12.549019607843137, "time": "2022-01-22T15:33:15.539219Z", "runtime_since_engine_start": 672, "engine_speed": 831.0}