{"ambient_air_temperature": 26, "vehicle_speed": 13, "throttle_position": 12.549019607843137, "time": "2022-01-22T15:22:55.877241Z", "runtime_since_engine_start": 52, "engine_speed": 1560.5}