{"ambient_air_temperature": 25, "vehicle_speed": 0, "throttle_position": 20.392156862745097, "time": "2022-01-22T15:22:32.048513Z", "runtime_since_engine_start": 28, "engine_speed": 2788.0}