{"ambient_air_temperature": 23, "vehicle_speed": 24, "throttle_position": 12.156862745098039, "time": "2022-01-22T15:36:15.306684Z", "runtime_since_engine_start": 851, "engine_speed": 1589.0}