{"ambient_air_temperature": 22, "vehicle_speed": 6, "throttle_position": 23.137254901960784, "time": "2022-01-22T15:38:39.137157Z", "runtime_since_engine_start": 995, "engine_speed": 1402.0}