{"ambient_air_temperature": 22, "vehicle_speed": 54, "throttle_position": 86.66666666666667, "time": "2022-01-22T15:35:48.263626Z", "runtime_since_engine_start": 824, "engine_speed": 2416.0}