{"ambient_air_temperature": 24, "vehicle_speed": 24, "throttle_position": 62.35294117647059, "time": "2022-01-22T15:36:43.227504Z", "runtime_since_engine_start": 879, "engine_speed": 1674.0}