{"ambient_air_temperature": 27, "vehicle_speed": 0, "throttle_position": 14.117647058823529, "time": "2022-01-22T15:26:28.847556Z", "runtime_since_engine_start": 265, "engine_speed": 913.5}