{"ambient_air_temperature": 25, "vehicle_speed": 41, "throttle_position": 17.647058823529413, "time": "2022-01-22T15:34:42.897039Z", "runtime_since_engine_start": 759, "engine_speed": 1866.5}