{"ambient_air_temperature": 23, "vehicle_speed": 51, "throttle_position": 20.784313725490197, "time": "2022-01-22T15:37:36.339644Z", "runtime_since_engine_start": 932, "engine_speed": 2322.5}