{"ambient_air_temperature": 24, "vehicle_speed": 32, "throttle_position": 19.607843137254903, "time": "2022-01-22T15:36:59.254271Z", "runtime_since_engine_start": 895, "engine_speed": 2136.5}