{"ambient_air_temperature": 27, "vehicle_speed": 34, "throttle_position": 14.117647058823529, "time": "2022-01-22T15:28:53.577806Z", "runtime_since_engine_start": 410, "engine_speed": 1519.0}