{"ambient_air_temperature": 27, "vehicle_speed": 28, "throttle_position": 13.72549019607843, "time": "2022-01-22T15:29:59.274789Z", "runtime_since_engine_start": 475, "engine_speed": 1882.5}