{"ambient_air_temperature": 27, "vehicle_speed": 15, "throttle_position": 14.509803921568627, "time": "2022-01-22T15:24:34.404562Z", "runtime_since_engine_start": 150, "engine_speed": 958.5}