{"ambient_air_temperature": 23, "vehicle_speed": 52, "throttle_position": 16.470588235294116, "time": "2022-01-22T15:37:33.038387Z", "runtime_since_engine_start": 929, "engine_speed": 2368.5}