{"ambient_air_temperature": 27, "vehicle_speed": 19, "throttle_position": 13.72549019607843, "time": "2022-01-22T15:27:41.377066Z", "runtime_since_engine_start": 337, "engine_speed": 2348.0}