{"ambient_air_temperature": 24, "vehicle_speed": 42, "throttle_position": 20.784313725490197, "time": "2022-01-22T15:37:16.472609Z", "runtime_since_engine_start": 913, "engine_speed": 1894.0}