{"ambient_air_temperature": 26, "vehicle_speed": 0, "throttle_position": 12.549019607843137, "time": "2022-01-22T15:32:25.426345Z", "runtime_since_engine_start": 621, "engine_speed": 854.5}