{"ambient_air_temperature": 22, "vehicle_speed": 53, "throttle_position": 20.392156862745097, "time": "2022-01-22T15:37:47.649151Z", "runtime_since_engine_start": 944, "engine_speed": 2383.0}