{"ambient_air_temperature": 26, "vehicle_speed": 48, "throttle_position": 17.254901960784313, "time": "2022-01-22T15:32:05.110957Z", "runtime_since_engine_start": 601, "engine_speed": 2180.5}