{"ambient_air_temperature": 27, "vehicle_speed": 32, "throttle_position": 22.352941176470587, "time": "2022-01-22T15:30:44.072855Z", "runtime_since_engine_start": 520, "engine_speed": 2148.0}