{"ambient_air_temperature": 27, "vehicle_speed": 18, "throttle_position": 14.509803921568627, "time": "2022-01-22T15:27:08.521486Z", "runtime_since_engine_start": 305, "engine_speed": 984.5}