{"ambient_air_temperature": 27, "vehicle_speed": 20, "throttle_position": 21.56862745098039, "time": "2022-01-22T15:31:39.290618Z", "runtime_since_engine_start": 575, "engine_speed": 1381.0}