{"ambient_air_temperature": 27, "vehicle_speed": 23, "throttle_position": 11.76470588235294, "time": "2022-01-22T15:30:09.538380Z", "runtime_since_engine_start": 486, "engine_speed": 934.0}