{"ambient_air_temperature": 25, "vehicle_speed": 35, "throttle_position": 16.07843137254902, "time": "2022-01-22T15:34:02.522310Z", "runtime_since_engine_start": 719, "engine_speed": 2331.5}