{"ambient_air_temperature": 26, "vehicle_speed": 44, "throttle_position": 18.431372549019606, "time": "2022-01-22T15:31:52.775409Z", "runtime_since_engine_start": 589, "engine_speed": 2005.0}