{"ambient_air_temperature": 21, "vehicle_speed": 61, "throttle_position": 18.03921568627451, "time": "2022-01-22T15:38:20.127295Z", "runtime_since_engine_start": 976, "engine_speed": 2771.0}