{"ambient_air_temperature": 26, "vehicle_speed": 12, "throttle_position": 12.156862745098039, "time": "2022-01-22T15:32:13.551859Z", "runtime_since_engine_start": 610, "engine_speed": 840.5}