{"ambient_air_temperature": 27, "vehicle_speed": 22, "throttle_position": 31.372549019607842, "time": "2022-01-22T15:26:52.479992Z", "runtime_since_engine_start": 288, "engine_speed": 2905.0}