{"ambient_air_temperature": 25, "vehicle_speed": 44, "throttle_position": 86.66666666666667, "time": "2022-01-22T15:32:55.029397Z", "runtime_since_engine_start": 651, "engine_speed": 2022.0}