{"ambient_air_temperature": 27, "vehicle_speed": 9, "throttle_position": 11.76470588235294, "time": "2022-01-22T15:27:17.343799Z", "runtime_since_engine_start": 313, "engine_speed": 1270.5}