{"ambient_air_temperature": 24, "vehicle_speed": 42, "throttle_position": 14.117647058823529, "time": "2022-01-22T15:37:09.166427Z", "runtime_since_engine_start": 905, "engine_speed": 2797.0}