{"ambient_air_temperature": 25, "vehicle_speed": 41, "throttle_position": 12.156862745098039, "time": "2022-01-22T15:33:09.186116Z", "runtime_since_engine_start": 665, "engine_speed": 861.5}