{"ambient_air_temperature": 22, "vehicle_speed": 8, "throttle_position": 23.52941176470588, "time": "2022-01-22T15:38:42.513117Z", "runtime_since_engine_start": 999, "engine_speed": 1278.5}