{"ambient_air_temperature": 27, "vehicle_speed": 43, "throttle_position": 17.647058823529413, "time": "2022-01-22T15:25:34.380710Z", "runtime_since_engine_start": 210, "engine_speed": 1499.0}