{"ambient_air_temperature": 24, "vehicle_speed": 36, "throttle_position": 14.117647058823529, "time": "2022-01-22T15:37:04.757223Z", "runtime_since_engine_start": 901, "engine_speed": 2364.5}