{"ambient_air_temperature": 27, "vehicle_speed": 9, "throttle_position": 12.549019607843137, "time": "2022-01-22T15:30:14.981744Z", "runtime_since_engine_start": 491, "engine_speed": 842.0}