{"ambient_air_temperature": 27, "vehicle_speed": 29, "throttle_position": 15.294117647058822, "time": "2022-01-22T15:28:35.874224Z", "runtime_since_engine_start": 392, "engine_speed": 1977.0}