{"ambient_air_temperature": 27, "vehicle_speed": 23, "throttle_position": 12.156862745098039, "time": "2022-01-22T15:30:10.258071Z", "runtime_since_engine_start": 486, "engine_speed": 882.0}