{"ambient_air_temperature": 26, "vehicle_speed": 27, "throttle_position": 12.156862745098039, "time": "2022-01-22T15:32:11.365171Z", "runtime_since_engine_start": 607, "engine_speed": 836.5}