{"ambient_air_temperature": 24, "vehicle_speed": 38, "throttle_position": 20.784313725490197, "time": "2022-01-22T15:37:06.997550Z", "runtime_since_engine_start": 903, "engine_speed": 2514.0}