{"ambient_air_temperature": 26, "vehicle_speed": 4, "throttle_position": 12.156862745098039, "time": "2022-01-22T15:33:50.980232Z", "runtime_since_engine_start": 707, "engine_speed": 885.5}