{"ambient_air_temperature": 23, "vehicle_speed": 20, "throttle_position": 20.392156862745097, "time": "2022-01-22T15:36:05.968448Z", "runtime_since_engine_start": 842, "engine_speed": 1373.5}