{"ambient_air_temperature": 27, "vehicle_speed": 9, "throttle_position": 12.156862745098039, "time": "2022-01-22T15:27:31.422576Z", "runtime_since_engine_start": 327, "engine_speed": 853.5}