{"ambient_air_temperature": 25, "vehicle_speed": 40, "throttle_position": 14.901960784313726, "time": "2022-01-22T15:32:52.488677Z", "runtime_since_engine_start": 649, "engine_speed": 1810.0}