{"ambient_air_temperature": 26, "vehicle_speed": 41, "throttle_position": 21.56862745098039, "time": "2022-01-22T15:31:48.308790Z", "runtime_since_engine_start": 584, "engine_speed": 2718.5}