{"ambient_air_temperature": 22, "vehicle_speed": 9, "throttle_position": 24.705882352941178, "time": "2022-01-22T15:38:39.918242Z", "runtime_since_engine_start": 996, "engine_speed": 2827.5}