{"ambient_air_temperature": 21, "vehicle_speed": 20, "throttle_position": 18.823529411764707, "time": "2022-01-22T15:38:45.091381Z", "runtime_since_engine_start": 1001, "engine_speed": 2237.5}