{"ambient_air_temperature": 27, "vehicle_speed": 15, "throttle_position": 17.254901960784313, "time": "2022-01-22T15:29:50.811308Z", "runtime_since_engine_start": 467, "engine_speed": 1859.0}