{"ambient_air_temperature": 26, "vehicle_speed": 7, "throttle_position": 12.941176470588236, "time": "2022-01-22T15:22:42.010802Z", "runtime_since_engine_start": 38, "engine_speed": 887.5}