{"ambient_air_temperature": 24, "vehicle_speed": 51, "throttle_position": 18.431372549019606, "time": "2022-01-22T15:33:01.032349Z", "runtime_since_engine_start": 657, "engine_speed": 2299.0}