{"ambient_air_temperature": 22, "vehicle_speed": 37, "throttle_position": 86.66666666666667, "time": "2022-01-22T15:37:58.842932Z", "runtime_since_engine_start": 955, "engine_speed": 1726.5}