{"ambient_air_temperature": 27, "vehicle_speed": 39, "throttle_position": 16.470588235294116, "time": "2022-01-22T15:31:07.591839Z", "runtime_since_engine_start": 544, "engine_speed": 2618.5}