{"ambient_air_temperature": 21, "vehicle_speed": 57, "throttle_position": 13.72549019607843, "time": "2022-01-22T15:38:08.632952Z", "runtime_since_engine_start": 965, "engine_speed": 2569.0}