{"ambient_air_temperature": 26, "vehicle_speed": 43, "throttle_position": 20.392156862745097, "time": "2022-01-22T15:31:49.432730Z", "runtime_since_engine_start": 585, "engine_speed": 2877.5}