{"ambient_air_temperature": 21, "vehicle_speed": 56, "throttle_position": 29.019607843137255, "time": "2022-01-22T15:38:07.161261Z", "runtime_since_engine_start": 963, "engine_speed": 2538.0}