{"ambient_air_temperature": 27, "vehicle_speed": 38, "throttle_position": 21.176470588235293, "time": "2022-01-22T15:29:09.128873Z", "runtime_since_engine_start": 425, "engine_speed": 1714.5}