{"ambient_air_temperature": 27, "vehicle_speed": 23, "throttle_position": 12.156862745098039, "time": "2022-01-22T15:29:24.642610Z", "runtime_since_engine_start": 441, "engine_speed": 875.0}