{"ambient_air_temperature": 26, "vehicle_speed": 14, "throttle_position": 18.03921568627451, "time": "2022-01-22T15:22:52.339086Z", "runtime_since_engine_start": 48, "engine_speed": 1846.0}