{"ambient_air_temperature": 26, "vehicle_speed": 3, "throttle_position": 13.333333333333334, "time": "2022-01-22T15:33:51.749843Z", "runtime_since_engine_start": 708, "engine_speed": 847.5}