{"ambient_air_temperature": 27, "vehicle_speed": 36, "throttle_position": 23.92156862745098, "time": "2022-01-22T15:28:58.363989Z", "runtime_since_engine_start": 414, "engine_speed": 1627.0}