{"ambient_air_temperature": 27, "vehicle_speed": 32, "throttle_position": 13.333333333333334, "time": "2022-01-22T15:30:40.273500Z", "runtime_since_engine_start": 516, "engine_speed": 2072.0}