{"ambient_air_temperature": 23, "vehicle_speed": 24, "throttle_position": 17.647058823529413, "time": "2022-01-22T15:36:10.123029Z", "runtime_since_engine_start": 846, "engine_speed": 1573.5}