{"ambient_air_temperature": 23, "vehicle_speed": 10, "throttle_position": 11.76470588235294, "time": "2022-01-22T15:36:22.349698Z", "runtime_since_engine_start": 858, "engine_speed": 865.0}