{"ambient_air_temperature": 26, "vehicle_speed": 0, "throttle_position": 12.549019607843137, "time": "2022-01-22T15:33:37.691147Z", "runtime_since_engine_start": 694, "engine_speed": 854.0}