{"ambient_air_temperature": 27, "vehicle_speed": 41, "throttle_position": 14.117647058823529, "time": "2022-01-22T15:25:41.646224Z", "runtime_since_engine_start": 218, "engine_speed": 1449.5}