{"ambient_air_temperature": 22, "vehicle_speed": 55, "throttle_position": 19.215686274509803, "time": "2022-01-22T15:37:43.499508Z", "runtime_since_engine_start": 940, "engine_speed": 2491.5}