{"ambient_air_temperature": 27, "vehicle_speed": 34, "throttle_position": 12.156862745098039, "time": "2022-01-22T15:25:46.353764Z", "runtime_since_engine_start": 222, "engine_speed": 975.5}