{"ambient_air_temperature": 26, "vehicle_speed": 5, "throttle_position": 14.117647058823529, "time": "2022-01-22T15:22:48.751107Z", "runtime_since_engine_start": 45, "engine_speed": 1000.0}