{"ambient_air_temperature": 27, "vehicle_speed": 31, "throttle_position": 15.294117647058822, "time": "2022-01-22T15:30:55.835637Z", "runtime_since_engine_start": 532, "engine_speed": 2079.0}