{"ambient_air_temperature": 25, "vehicle_speed": 42, "throttle_position": 16.470588235294116, "time": "2022-01-22T15:34:32.476849Z", "runtime_since_engine_start": 749, "engine_speed": 1904.0}