{"ambient_air_temperature": 23, "vehicle_speed": 41, "throttle_position": 16.862745098039216, "time": "2022-01-22T15:37:23.835344Z", "runtime_since_engine_start": 920, "engine_speed": 1907.5}