{"ambient_air_temperature": 24, "vehicle_speed": 26, "throttle_position": 12.156862745098039, "time": "2022-01-22T15:35:21.181801Z", "runtime_since_engine_start": 797, "engine_speed": 886.0}