{"ambient_air_temperature": 25, "vehicle_speed": 23, "throttle_position": 24.313725490196077, "time": "2022-01-22T15:34:55.669903Z", "runtime_since_engine_start": 772, "engine_speed": 1587.5}