{"ambient_air_temperature": 27, "vehicle_speed": 33, "throttle_position": 29.019607843137255, "time": "2022-01-22T15:26:55.087312Z", "runtime_since_engine_start": 291, "engine_speed": 2218.5}