{"ambient_air_temperature": 27, "vehicle_speed": 28, "throttle_position": 13.72549019607843, "time": "2022-01-22T15:27:01.634535Z", "runtime_since_engine_start": 298, "engine_speed": 1890.0}