{"ambient_air_temperature": 27, "vehicle_speed": 0, "throttle_position": 12.941176470588236, "time": "2022-01-22T15:23:39.095699Z", "runtime_since_engine_start": 95, "engine_speed": 857.5}