{"ambient_air_temperature": 25, "vehicle_speed": 9, "throttle_position": 11.76470588235294, "time": "2022-01-22T15:22:39.040677Z", "runtime_since_engine_start": 35, "engine_speed": 1107.0}