{"ambient_air_temperature": 23, "vehicle_speed": 51, "throttle_position": 86.66666666666667, "time": "2022-01-22T15:35:43.790396Z", "runtime_since_engine_start": 820, "engine_speed": 2331.0}