{"ambient_air_temperature": 22, "vehicle_speed": 53, "throttle_position": 28.235294117647058, "time": "2022-01-22T15:35:50.863048Z", "runtime_since_engine_start": 827, "engine_speed": 2399.0}