{"ambient_air_temperature": 22, "vehicle_speed": 30, "throttle_position": 12.156862745098039, "time": "2022-01-22T15:35:59.000747Z", "runtime_since_engine_start": 835, "engine_speed": 859.5}