{"ambient_air_temperature": 27, "vehicle_speed": 14, "throttle_position": 12.941176470588236, "time": "2022-01-22T15:24:33.294281Z", "runtime_since_engine_start": 149, "engine_speed": 1759.0}