{"ambient_air_temperature": 22, "vehicle_speed": 54, "throttle_position": 29.41176470588235, "time": "2022-01-22T15:35:49.366091Z", "runtime_since_engine_start": 825, "engine_speed": 2433.5}