{"ambient_air_temperature": 27, "vehicle_speed": 37, "throttle_position": 19.215686274509803, "time": "2022-01-22T15:26:56.206879Z", "runtime_since_engine_start": 292, "engine_speed": 2456.0}