{"ambient_air_temperature": 27, "vehicle_speed": 9, "throttle_position": 17.254901960784313, "time": "2022-01-22T15:29:48.970751Z", "runtime_since_engine_start": 465, "engine_speed": 1015.0}