{"ambient_air_temperature": 23, "vehicle_speed": 32, "throttle_position": 18.431372549019606, "time": "2022-01-22T15:36:49.799144Z", "runtime_since_engine_start": 886, "engine_speed": 2124.0}