{"ambient_air_temperature": 21, "vehicle_speed": 44, "throttle_position": 12.156862745098039, "time": "2022-01-22T15:38:57.327719Z", "runtime_since_engine_start": 1013, "engine_speed": 1101.0}