{"ambient_air_temperature": 27, "vehicle_speed": 39, "throttle_position": 14.117647058823529, "time": "2022-01-22T15:31:06.840713Z", "runtime_since_engine_start": 543, "engine_speed": 2621.0}