{"ambient_air_temperature": 21, "vehicle_speed": 51, "throttle_position": 14.117647058823529, "time": "2022-01-22T15:38:53.626353Z", "runtime_since_engine_start": 1010, "engine_speed": 2456.5}