{"ambient_air_temperature": 26, "vehicle_speed": 30, "throttle_position": 12.549019607843137, "time": "2022-01-22T15:32:10.660148Z", "runtime_since_engine_start": 607, "engine_speed": 847.5}