{"ambient_air_temperature": 27, "vehicle_speed": 0, "throttle_position": 18.823529411764707, "time": "2022-01-22T15:26:46.745512Z", "runtime_since_engine_start": 283, "engine_speed": 2150.0}