{"ambient_air_temperature": 26, "vehicle_speed": 32, "throttle_position": 36.86274509803921, "time": "2022-01-22T15:32:47.666414Z", "runtime_since_engine_start": 644, "engine_speed": 2154.0}