{"ambient_air_temperature": 26, "vehicle_speed": 14, "throttle_position": 20.784313725490197, "time": "2022-01-22T15:32:40.924068Z", "runtime_since_engine_start": 637, "engine_speed": 1853.0}