{"ambient_air_temperature": 27, "vehicle_speed": 4, "throttle_position": 12.549019607843137, "time": "2022-01-22T15:25:53.563722Z", "runtime_since_engine_start": 230, "engine_speed": 835.5}