{"ambient_air_temperature": 26, "vehicle_speed": 40, "throttle_position": 21.56862745098039, "time": "2022-01-22T15:31:47.924808Z", "runtime_since_engine_start": 584, "engine_speed": 2664.5}