{"ambient_air_temperature": 21, "vehicle_speed": 9, "throttle_position": 15.686274509803921, "time": "2022-01-22T15:38:41.774265Z", "runtime_since_engine_start": 998, "engine_speed": 945.5}