{"ambient_air_temperature": 27, "vehicle_speed": 15, "throttle_position": 21.56862745098039, "time": "2022-01-22T15:23:00.907480Z", "runtime_since_engine_start": 57, "engine_speed": 2012.0}