{"ambient_air_temperature": 24, "vehicle_speed": 6, "throttle_position": 12.156862745098039, "time": "2022-01-22T15:36:24.940235Z", "runtime_since_engine_start": 861, "engine_speed": 838.0}