{"ambient_air_temperature": 27, "vehicle_speed": 0, "throttle_position": 35.68627450980392, "time": "2022-01-22T15:27:15.863062Z", "runtime_since_engine_start": 312, "engine_speed": 2211.5}