{"ambient_air_temperature": 25, "vehicle_speed": 0, "throttle_position": 12.156862745098039, "time": "2022-01-22T15:33:22.289443Z", "runtime_since_engine_start": 678, "engine_speed": 829.0}