{"ambient_air_temperature": 27, "vehicle_speed": 21, "throttle_position": 12.156862745098039, "time": "2022-01-22T15:25:49.305465Z", "runtime_since_engine_start": 225, "engine_speed": 835.0}