{"ambient_air_temperature": 22, "vehicle_speed": 27, "throttle_position": 12.156862745098039, "time": "2022-01-22T15:36:00.127601Z", "runtime_since_engine_start": 836, "engine_speed": 840.0}