{"ambient_air_temperature": 26, "vehicle_speed": 28, "throttle_position": 26.274509803921568, "time": "2022-01-22T15:33:59.909498Z", "runtime_since_engine_start": 716, "engine_speed": 1875.0}