{"ambient_air_temperature": 24, "vehicle_speed": 17, "throttle_position": 17.647058823529413, "time": "2022-01-22T15:36:40.998103Z", "runtime_since_engine_start": 877, "engine_speed": 2884.5}