{"ambient_air_temperature": 27, "vehicle_speed": 23, "throttle_position": 18.431372549019606, "time": "2022-01-22T15:29:57.055257Z", "runtime_since_engine_start": 473, "engine_speed": 1573.5}