{"ambient_air_temperature": 27, "vehicle_speed": 38, "throttle_position": 12.549019607843137, "time": "2022-01-22T15:29:02.345447Z", "runtime_since_engine_start": 418, "engine_speed": 1724.5}