{"ambient_air_temperature": 26, "vehicle_speed": 33, "throttle_position": 37.254901960784316, "time": "2022-01-22T15:32:48.029445Z", "runtime_since_engine_start": 644, "engine_speed": 2265.0}