{"ambient_air_temperature": 24, "vehicle_speed": 24, "throttle_position": 36.07843137254902, "time": "2022-01-22T15:35:33.704474Z", "runtime_since_engine_start": 810, "engine_speed": 1638.5}