{"ambient_air_temperature": 24, "vehicle_speed": 30, "throttle_position": 28.235294117647058, "time": "2022-01-22T15:36:44.676248Z", "runtime_since_engine_start": 881, "engine_speed": 2038.0}