{"ambient_air_temperature": 23, "vehicle_speed": 42, "throttle_position": 14.901960784313726, "time": "2022-01-22T15:37:15.367827Z", "runtime_since_engine_start": 911, "engine_speed": 1883.5}