{"ambient_air_temperature": 24, "vehicle_speed": 45, "throttle_position": 34.90196078431372, "time": "2022-01-22T15:35:37.463936Z", "runtime_since_engine_start": 813, "engine_speed": 2991.5}