{"ambient_air_temperature": 27, "vehicle_speed": 31, "throttle_position": 12.156862745098039, "time": "2022-01-22T15:29:22.758006Z", "runtime_since_engine_start": 439, "engine_speed": 1042.5}