{"ambient_air_temperature": 23, "vehicle_speed": 36, "throttle_position": 17.254901960784313, "time": "2022-01-22T15:37:05.117423Z", "runtime_since_engine_start": 901, "engine_speed": 2409.0}