{"ambient_air_temperature": 26, "vehicle_speed": 36, "throttle_position": 12.549019607843137, "time": "2022-01-22T15:32:09.291783Z", "runtime_since_engine_start": 605, "engine_speed": 872.5}