{"ambient_air_temperature": 23, "vehicle_speed": 52, "throttle_position": 22.745098039215687, "time": "2022-01-22T15:37:37.111322Z", "runtime_since_engine_start": 933, "engine_speed": 2344.0}