{"ambient_air_temperature": 27, "vehicle_speed": 0, "throttle_position": 26.666666666666668, "time": "2022-01-22T15:27:16.587754Z", "runtime_since_engine_start": 313, "engine_speed": 2360.5}