{"ambient_air_temperature": 27, "vehicle_speed": 15, "throttle_position": 12.156862745098039, "time": "2022-01-22T15:29:26.147290Z", "runtime_since_engine_start": 442, "engine_speed": 838.5}