{"ambient_air_temperature": 27, "vehicle_speed": 30, "throttle_position": 12.941176470588236, "time": "2022-01-22T15:30:41.051269Z", "runtime_since_engine_start": 517, "engine_speed": 2003.5}