{"ambient_air_temperature": 26, "vehicle_speed": 34, "throttle_position": 20.392156862745097, "time": "2022-01-22T15:34:01.788049Z", "runtime_since_engine_start": 718, "engine_speed": 2259.0}