{"ambient_air_temperature": 24, "vehicle_speed": 36, "throttle_position": 17.647058823529413, "time": "2022-01-22T15:37:05.863902Z", "runtime_since_engine_start": 902, "engine_speed": 2397.5}