{"ambient_air_temperature": 23, "vehicle_speed": 53, "throttle_position": 23.137254901960784, "time": "2022-01-22T15:37:37.844065Z", "runtime_since_engine_start": 934, "engine_speed": 2383.5}