{"ambient_air_temperature": 27, "vehicle_speed": 13, "throttle_position": 24.313725490196077, "time": "2022-01-22T15:29:36.625817Z", "runtime_since_engine_start": 453, "engine_speed": 1820.5}