{"ambient_air_temperature": 27, "vehicle_speed": 43, "throttle_position": 24.313725490196077, "time": "2022-01-22T15:25:30.292450Z", "runtime_since_engine_start": 206, "engine_speed": 1526.5}