{"ambient_air_temperature": 27, "vehicle_speed": 24, "throttle_position": 16.862745098039216, "time": "2022-01-22T15:23:18.626182Z", "runtime_since_engine_start": 75, "engine_speed": 1088.0}