{"ambient_air_temperature": 27, "vehicle_speed": 38, "throttle_position": 21.56862745098039, "time": "2022-01-22T15:23:08.836190Z", "runtime_since_engine_start": 65, "engine_speed": 1715.5}