{"ambient_air_temperature": 27, "vehicle_speed": 20, "throttle_position": 11.76470588235294, "time": "2022-01-22T15:27:07.829343Z", "runtime_since_engine_start": 304, "engine_speed": 1322.0}