{"ambient_air_temperature": 27, "vehicle_speed": 25, "throttle_position": 16.862745098039216, "time": "2022-01-22T15:23:03.524049Z", "runtime_since_engine_start": 60, "engine_speed": 2535.5}