{"ambient_air_temperature": 26, "vehicle_speed": 49, "throttle_position": 13.333333333333334, "time": "2022-01-22T15:32:03.182075Z", "runtime_since_engine_start": 599, "engine_speed": 2220.0}