{"ambient_air_temperature": 27, "vehicle_speed": 0, "throttle_position": 19.215686274509803, "time": "2022-01-22T15:24:30.379524Z", "runtime_since_engine_start": 146, "engine_speed": 1406.0}