{"ambient_air_temperature": 21, "vehicle_speed": 51, "throttle_position": 76.47058823529412, "time": "2022-01-22T15:38:04.919011Z", "runtime_since_engine_start": 961, "engine_speed": 2336.0}