{"ambient_air_temperature": 27, "vehicle_speed": 36, "throttle_position": 12.941176470588236, "time": "2022-01-22T15:25:09.440222Z", "runtime_since_engine_start": 185, "engine_speed": 1298.0}