{"ambient_air_temperature": 24, "vehicle_speed": 32, "throttle_position": 37.254901960784316, "time": "2022-01-22T15:35:35.175172Z", "runtime_since_engine_start": 811, "engine_speed": 2136.0}