{"ambient_air_temperature": 24, "vehicle_speed": 32, "throttle_position": 18.03921568627451, "time": "2022-01-22T15:36:58.900467Z", "runtime_since_engine_start": 895, "engine_speed": 2111.0}