{"ambient_air_temperature": 26, "vehicle_speed": 0, "throttle_position": 12.549019607843137, "time": "2022-01-22T15:32:20.968699Z", "runtime_since_engine_start": 617, "engine_speed": 823.5}