{"ambient_air_temperature": 26, "vehicle_speed": 10, "throttle_position": 14.901960784313726, "time": "2022-01-22T15:22:35.804959Z", "runtime_since_engine_start": 32, "engine_speed": 1308.0}