{"ambient_air_temperature": 27, "vehicle_speed": 31, "throttle_position": 12.941176470588236, "time": "2022-01-22T15:27:00.158387Z", "runtime_since_engine_start": 296, "engine_speed": 2064.5}