{"ambient_air_temperature": 27, "vehicle_speed": 33, "throttle_position": 23.137254901960784, "time": "2022-01-22T15:29:07.075306Z", "runtime_since_engine_start": 423, "engine_speed": 1534.5}