{"ambient_air_temperature": 27, "vehicle_speed": 35, "throttle_position": 20.392156862745097, "time": "2022-01-22T15:25:15.643872Z", "runtime_since_engine_start": 192, "engine_speed": 1268.5}