{"ambient_air_temperature": 27, "vehicle_speed": 53, "throttle_position": 16.470588235294116, "time": "2022-01-22T15:24:49.159560Z", "runtime_since_engine_start": 165, "engine_speed": 2379.0}