{"ambient_air_temperature": 25, "vehicle_speed": 44, "throttle_position": 14.901960784313726, "time": "2022-01-22T15:34:35.805953Z", "runtime_since_engine_start": 752, "engine_speed": 1987.0}