{"ambient_air_temperature": 27, "vehicle_speed": 19, "throttle_position": 12.549019607843137, "time": "2022-01-22T15:27:45.372075Z", "runtime_since_engine_start": 341, "engine_speed": 859.0}