{"ambient_air_temperature": 21, "vehicle_speed": 49, "throttle_position": 12.156862745098039, "time": "2022-01-22T15:38:31.320961Z", "runtime_since_engine_start": 987, "engine_speed": 848.0}