{"ambient_air_temperature": 24, "vehicle_speed": 9, "throttle_position": 29.019607843137255, "time": "2022-01-22T15:36:39.476115Z", "runtime_since_engine_start": 876, "engine_speed": 2706.5}