{"ambient_air_temperature": 21, "vehicle_speed": 45, "throttle_position": 86.66666666666667, "time": "2022-01-22T15:38:02.264799Z", "runtime_since_engine_start": 958, "engine_speed": 2063.0}