{"ambient_air_temperature": 25, "vehicle_speed": 44, "throttle_position": 24.705882352941178, "time": "2022-01-22T15:34:21.025998Z", "runtime_since_engine_start": 737, "engine_speed": 2010.0}