{"ambient_air_temperature": 25, "vehicle_speed": 0, "throttle_position": 12.549019607843137, "time": "2022-01-22T15:33:18.509139Z", "runtime_since_engine_start": 675, "engine_speed": 848.0}