{"ambient_air_temperature": 27, "vehicle_speed": 42, "throttle_position": 17.647058823529413, "time": "2022-01-22T15:25:00.444166Z", "runtime_since_engine_start": 176, "engine_speed": 1510.0}