{"ambient_air_temperature": 21, "vehicle_speed": 10, "throttle_position": 12.941176470588236, "time": "2022-01-22T15:39:10.896256Z", "runtime_since_engine_start": 1027, "engine_speed": 1216.5}