{"ambient_air_temperature": 24, "vehicle_speed": 5, "throttle_position": 12.156862745098039, "time": "2022-01-22T15:36:25.702726Z", "runtime_since_engine_start": 862, "engine_speed": 836.0}