{"ambient_air_temperature": 25, "vehicle_speed": 45, "throttle_position": 12.156862745098039, "time": "2022-01-22T15:33:07.682192Z", "runtime_since_engine_start": 664, "engine_speed": 930.0}