{"ambient_air_temperature": 22, "vehicle_speed": 55, "throttle_position": 22.745098039215687, "time": "2022-01-22T15:37:43.111048Z", "runtime_since_engine_start": 939, "engine_speed": 2505.0}