{"ambient_air_temperature": 24, "vehicle_speed": 40, "throttle_position": 19.215686274509803, "time": "2022-01-22T15:37:07.711582Z", "runtime_since_engine_start": 904, "engine_speed": 2624.5}