{"ambient_air_temperature": 23, "vehicle_speed": 17, "throttle_position": 11.372549019607844, "time": "2022-01-22T15:36:18.244899Z", "runtime_since_engine_start": 854, "engine_speed": 1156.5}