{"ambient_air_temperature": 27, "vehicle_speed": 39, "throttle_position": 16.07843137254902, "time": "2022-01-22T15:31:20.050540Z", "runtime_since_engine_start": 556, "engine_speed": 2615.5}