{"ambient_air_temperature": 24, "vehicle_speed": 51, "throttle_position": 14.901960784313726, "time": "2022-01-22T15:35:08.057969Z", "runtime_since_engine_start": 784, "engine_speed": 2312.0}