{"ambient_air_temperature": 23, "vehicle_speed": 51, "throttle_position": 21.56862745098039, "time": "2022-01-22T15:37:30.808913Z", "runtime_since_engine_start": 927, "engine_speed": 2289.0}