{"ambient_air_temperature": 24, "vehicle_speed": 44, "throttle_position": 20.392156862745097, "time": "2022-01-22T15:37:17.920444Z", "runtime_since_engine_start": 914, "engine_speed": 1986.0}