{"ambient_air_temperature": 23, "vehicle_speed": 31, "throttle_position": 32.94117647058823, "time": "2022-01-22T15:37:55.874746Z", "runtime_since_engine_start": 952, "engine_speed": 1399.5}