{"ambient_air_temperature": 24, "vehicle_speed": 46, "throttle_position": 15.686274509803921, "time": "2022-01-22T15:35:13.501467Z", "runtime_since_engine_start": 790, "engine_speed": 2095.5}