{"ambient_air_temperature": 22, "vehicle_speed": 32, "throttle_position": 11.76470588235294, "time": "2022-01-22T15:37:54.416840Z", "runtime_since_engine_start": 950, "engine_speed": 1443.0}