{"ambient_air_temperature": 27, "vehicle_speed": 0, "throttle_position": 15.686274509803921, "time": "2022-01-22T15:30:26.058747Z", "runtime_since_engine_start": 502, "engine_speed": 1086.0}