{"ambient_air_temperature": 27, "vehicle_speed": 34, "throttle_position": 21.96078431372549, "time": "2022-01-22T15:28:42.465962Z", "runtime_since_engine_start": 398, "engine_speed": 1580.5}