{"ambient_air_temperature": 27, "vehicle_speed": 14, "throttle_position": 27.84313725490196, "time": "2022-01-22T15:26:51.381621Z", "runtime_since_engine_start": 287, "engine_speed": 1871.0}