{"ambient_air_temperature": 27, "vehicle_speed": 37, "throttle_position": 22.745098039215687, "time": "2022-01-22T15:31:46.791147Z", "runtime_since_engine_start": 583, "engine_speed": 2488.0}