{"ambient_air_temperature": 21, "vehicle_speed": 27, "throttle_position": 84.70588235294117, "time": "2022-01-22T15:38:46.572762Z", "runtime_since_engine_start": 1003, "engine_speed": 1809.0}