{"ambient_air_temperature": 26, "vehicle_speed": 17, "throttle_position": 22.352941176470587, "time": "2022-01-22T15:32:43.532546Z", "runtime_since_engine_start": 640, "engine_speed": 1176.5}