{"ambient_air_temperature": 26, "vehicle_speed": 15, "throttle_position": 11.76470588235294, "time": "2022-01-22T15:32:41.319087Z", "runtime_since_engine_start": 637, "engine_speed": 2061.5}