{"ambient_air_temperature": 27, "vehicle_speed": 0, "throttle_position": 12.549019607843137, "time": "2022-01-22T15:23:41.372759Z", "runtime_since_engine_start": 97, "engine_speed": 855.0}