{"ambient_air_temperature": 25, "vehicle_speed": 44, "throttle_position": 14.901960784313726, "time": "2022-01-22T15:34:35.409488Z", "runtime_since_engine_start": 751, "engine_speed": 1984.0}