{"ambient_air_temperature": 24, "vehicle_speed": 15, "throttle_position": 15.294117647058822, "time": "2022-01-22T15:35:31.155218Z", "runtime_since_engine_start": 807, "engine_speed": 1049.5}