{"ambient_air_temperature": 24, "vehicle_speed": 36, "throttle_position": 12.941176470588236, "time": "2022-01-22T15:35:17.517136Z", "runtime_since_engine_start": 794, "engine_speed": 1343.0}