{"ambient_air_temperature": 22, "vehicle_speed": 54, "throttle_position": 86.66666666666667, "time": "2022-01-22T15:35:48.643865Z", "runtime_since_engine_start": 825, "engine_speed": 2426.5}