{"ambient_air_temperature": 27, "vehicle_speed": 37, "throttle_position": 21.176470588235293, "time": "2022-01-22T15:25:16.793531Z", "runtime_since_engine_start": 193, "engine_speed": 1298.5}