{"ambient_air_temperature": 27, "vehicle_speed": 15, "throttle_position": 21.96078431372549, "time": "2022-01-22T15:29:36.982077Z", "runtime_since_engine_start": 453, "engine_speed": 1977.5}