{"ambient_air_temperature": 22, "vehicle_speed": 53, "throttle_position": 27.84313725490196, "time": "2022-01-22T15:35:51.224231Z", "runtime_since_engine_start": 827, "engine_speed": 2391.0}