{"ambient_air_temperature": 23, "vehicle_speed": 52, "throttle_position": 19.607843137254903, "time": "2022-01-22T15:37:32.650818Z", "runtime_since_engine_start": 929, "engine_speed": 2367.5}