{"ambient_air_temperature": 23, "vehicle_speed": 41, "throttle_position": 16.07843137254902, "time": "2022-01-22T15:37:24.195768Z", "runtime_since_engine_start": 920, "engine_speed": 1869.5}