{"ambient_air_temperature": 27, "vehicle_speed": 52, "throttle_position": 11.76470588235294, "time": "2022-01-22T15:24:55.368591Z", "runtime_since_engine_start": 171, "engine_speed": 1837.5}