{"ambient_air_temperature": 24, "vehicle_speed": 35, "throttle_position": 16.470588235294116, "time": "2022-01-22T15:37:01.844011Z", "runtime_since_engine_start": 898, "engine_speed": 2361.0}