{"ambient_air_temperature": 27, "vehicle_speed": 40, "throttle_position": 15.686274509803921, "time": "2022-01-22T15:31:24.759445Z", "runtime_since_engine_start": 561, "engine_speed": 2653.5}