{"ambient_air_temperature": 24, "vehicle_speed": 35, "throttle_position": 11.76470588235294, "time": "2022-01-22T15:35:17.889126Z", "runtime_since_engine_start": 794, "engine_speed": 1108.5}