{"ambient_air_temperature": 27, "vehicle_speed": 8, "throttle_position": 12.549019607843137, "time": "2022-01-22T15:27:19.261313Z", "runtime_since_engine_start": 315, "engine_speed": 1014.0}