{"ambient_air_temperature": 26, "vehicle_speed": 19, "throttle_position": 22.352941176470587, "time": "2022-01-22T15:33:57.663787Z", "runtime_since_engine_start": 714, "engine_speed": 1337.0}