{"ambient_air_temperature": 25, "vehicle_speed": 22, "throttle_position": 23.137254901960784, "time": "2022-01-22T15:34:55.320890Z", "runtime_since_engine_start": 771, "engine_speed": 1475.0}