{"ambient_air_temperature": 27, "vehicle_speed": 9, "throttle_position": 12.549019607843137, "time": "2022-01-22T15:27:49.404442Z", "runtime_since_engine_start": 345, "engine_speed": 815.0}