{"ambient_air_temperature": 27, "vehicle_speed": 0, "throttle_position": 12.549019607843137, "time": "2022-01-22T15:26:05.712005Z", "runtime_since_engine_start": 242, "engine_speed": 837.5}