{"ambient_air_temperature": 27, "vehicle_speed": 6, "throttle_position": 16.07843137254902, "time": "2022-01-22T15:27:26.602663Z", "runtime_since_engine_start": 323, "engine_speed": 844.5}