{"ambient_air_temperature": 21, "vehicle_speed": 51, "throttle_position": 12.156862745098039, "time": "2022-01-22T15:38:30.963271Z", "runtime_since_engine_start": 987, "engine_speed": 847.5}