{"ambient_air_temperature": 27, "vehicle_speed": 9, "throttle_position": 12.156862745098039, "time": "2022-01-22T15:29:28.052394Z", "runtime_since_engine_start": 444, "engine_speed": 829.0}