{"ambient_air_temperature": 21, "vehicle_speed": 21, "throttle_position": 25.098039215686274, "time": "2022-01-22T15:38:45.431759Z", "runtime_since_engine_start": 1001, "engine_speed": 1529.0}