{"ambient_air_temperature": 27, "vehicle_speed": 34, "throttle_position": 11.372549019607844, "time": "2022-01-22T15:31:33.929850Z", "runtime_since_engine_start": 570, "engine_speed": 1291.0}