{"ambient_air_temperature": 25, "vehicle_speed": 41, "throttle_position": 51.76470588235294, "time": "2022-01-22T15:32:53.616323Z", "runtime_since_engine_start": 650, "engine_speed": 1841.5}