{"ambient_air_temperature": 23, "vehicle_speed": 52, "throttle_position": 86.66666666666667, "time": "2022-01-22T15:35:44.156555Z", "runtime_since_engine_start": 820, "engine_speed": 2344.5}