{"ambient_air_temperature": 21, "vehicle_speed": 19, "throttle_position": 12.156862745098039, "time": "2022-01-22T15:39:01.106605Z", "runtime_since_engine_start": 1017, "engine_speed": 856.0}