{"ambient_air_temperature": 27, "vehicle_speed": 28, "throttle_position": 12.549019607843137, "time": "2022-01-22T15:29:59.644442Z", "runtime_since_engine_start": 476, "engine_speed": 1870.5}