{"ambient_air_temperature": 22, "vehicle_speed": 15, "throttle_position": 32.549019607843135, "time": "2022-01-22T15:38:43.657628Z", "runtime_since_engine_start": 1000, "engine_speed": 2066.0}