{"ambient_air_temperature": 23, "vehicle_speed": 32, "throttle_position": 12.941176470588236, "time": "2022-01-22T15:36:56.272831Z", "runtime_since_engine_start": 892, "engine_speed": 2101.5}