{"ambient_air_temperature": 27, "vehicle_speed": 29, "throttle_position": 12.549019607843137, "time": "2022-01-22T15:30:04.225157Z", "runtime_since_engine_start": 480, "engine_speed": 1908.0}