{"ambient_air_temperature": 26, "vehicle_speed": 29, "throttle_position": 25.88235294117647, "time": "2022-01-22T15:34:00.259881Z", "runtime_since_engine_start": 716, "engine_speed": 1966.0}