{"ambient_air_temperature": 24, "vehicle_speed": 13, "throttle_position": 21.56862745098039, "time": "2022-01-22T15:36:33.500117Z", "runtime_since_engine_start": 870, "engine_speed": 1689.5}