{"ambient_air_temperature": 24, "vehicle_speed": 48, "throttle_position": 16.862745098039216, "time": "2022-01-22T15:35:12.345677Z", "runtime_since_engine_start": 788, "engine_speed": 2158.5}