{"ambient_air_temperature": 27, "vehicle_speed": 35, "throttle_position": 13.72549019607843, "time": "2022-01-22T15:25:11.664273Z", "runtime_since_engine_start": 188, "engine_speed": 1247.5}