{"ambient_air_temperature": 23, "vehicle_speed": 23, "throttle_position": 16.470588235294116, "time": "2022-01-22T15:36:09.746165Z", "runtime_since_engine_start": 846, "engine_speed": 1573.0}