{"ambient_air_temperature": 27, "vehicle_speed": 34, "throttle_position": 14.509803921568627, "time": "2022-01-22T15:28:50.956046Z", "runtime_since_engine_start": 407, "engine_speed": 1554.0}