{"ambient_air_temperature": 27, "vehicle_speed": 27, "throttle_position": 18.823529411764707, "time": "2022-01-22T15:29:41.733805Z", "runtime_since_engine_start": 458, "engine_speed": 1826.0}