{"ambient_air_temperature": 22, "vehicle_speed": 40, "throttle_position": 11.76470588235294, "time": "2022-01-22T15:35:56.053780Z", "runtime_since_engine_start": 832, "engine_speed": 1035.5}