{"ambient_air_temperature": 27, "vehicle_speed": 35, "throttle_position": 15.686274509803921, "time": "2022-01-22T15:25:13.802835Z", "runtime_since_engine_start": 190, "engine_speed": 1252.0}