{"ambient_air_temperature": 25, "vehicle_speed": 43, "throttle_position": 21.56862745098039, "time": "2022-01-22T15:34:07.679867Z", "runtime_since_engine_start": 724, "engine_speed": 1903.5}