{"ambient_air_temperature": 27, "vehicle_speed": 32, "throttle_position": 24.705882352941178, "time": "2022-01-22T15:23:05.814580Z", "runtime_since_engine_start": 62, "engine_speed": 2126.5}