{"ambient_air_temperature": 26, "vehicle_speed": 17, "throttle_position": 13.72549019607843, "time": "2022-01-22T15:22:53.752719Z", "runtime_since_engine_start": 50, "engine_speed": 2142.0}