{"ambient_air_temperature": 22, "vehicle_speed": 54, "throttle_position": 18.823529411764707, "time": "2022-01-22T15:37:44.268906Z", "runtime_since_engine_start": 940, "engine_speed": 2483.5}