{"ambient_air_temperature": 27, "vehicle_speed": 36, "throttle_position": 11.76470588235294, "time": "2022-01-22T15:25:10.939527Z", "runtime_since_engine_start": 187, "engine_speed": 1272.5}