{"ambient_air_temperature": 26, "vehicle_speed": 7, "throttle_position": 12.549019607843137, "time": "2022-01-22T15:33:47.597753Z", "runtime_since_engine_start": 704, "engine_speed": 892.0}