{"ambient_air_temperature": 27, "vehicle_speed": 33, "throttle_position": 14.509803921568627, "time": "2022-01-22T15:30:51.864958Z", "runtime_since_engine_start": 528, "engine_speed": 2216.5}