{"ambient_air_temperature": 27, "vehicle_speed": 44, "throttle_position": 16.07843137254902, "time": "2022-01-22T15:25:02.602597Z", "runtime_since_engine_start": 179, "engine_speed": 1550.0}