{"ambient_air_temperature": 27, "vehicle_speed": 40, "throttle_position": 16.07843137254902, "time": "2022-01-22T15:31:23.730779Z", "runtime_since_engine_start": 560, "engine_speed": 2645.0}