{"ambient_air_temperature": 27, "vehicle_speed": 38, "throttle_position": 19.215686274509803, "time": "2022-01-22T15:23:09.189659Z", "runtime_since_engine_start": 65, "engine_speed": 1736.0}