{"ambient_air_temperature": 24, "vehicle_speed": 27, "throttle_position": 36.07843137254902, "time": "2022-01-22T15:36:43.973081Z", "runtime_since_engine_start": 880, "engine_speed": 1834.0}