{"ambient_air_temperature": 26, "vehicle_speed": 48, "throttle_position": 16.470588235294116, "time": "2022-01-22T15:31:58.663319Z", "runtime_since_engine_start": 595, "engine_speed": 2164.0}