{"ambient_air_temperature": 27, "vehicle_speed": 41, "throttle_position": 13.333333333333334, "time": "2022-01-22T15:25:40.248775Z", "runtime_since_engine_start": 216, "engine_speed": 1479.5}