{"ambient_air_temperature": 27, "vehicle_speed": 33, "throttle_position": 26.666666666666668, "time": "2022-01-22T15:31:45.324154Z", "runtime_since_engine_start": 581, "engine_speed": 2220.5}