{"ambient_air_temperature": 25, "vehicle_speed": 35, "throttle_position": 16.862745098039216, "time": "2022-01-22T15:34:03.291861Z", "runtime_since_engine_start": 719, "engine_speed": 2336.5}