{"ambient_air_temperature": 27, "vehicle_speed": 39, "throttle_position": 17.647058823529413, "time": "2022-01-22T15:29:09.814808Z", "runtime_since_engine_start": 426, "engine_speed": 1761.0}