{"ambient_air_temperature": 27, "vehicle_speed": 25, "throttle_position": 14.509803921568627, "time": "2022-01-22T15:23:20.089961Z", "runtime_since_engine_start": 76, "engine_speed": 1162.5}