{"ambient_air_temperature": 27, "vehicle_speed": 26, "throttle_position": 14.117647058823529, "time": "2022-01-22T15:26:53.217138Z", "runtime_since_engine_start": 289, "engine_speed": 2663.0}