{"ambient_air_temperature": 27, "vehicle_speed": 37, "throttle_position": 12.156862745098039, "time": "2022-01-22T15:29:15.260735Z", "runtime_since_engine_start": 431, "engine_speed": 1653.0}