{"ambient_air_temperature": 21, "vehicle_speed": 16, "throttle_position": 11.76470588235294, "time": "2022-01-22T15:39:01.875045Z", "runtime_since_engine_start": 1018, "engine_speed": 832.5}