{"ambient_air_temperature": 27, "vehicle_speed": 0, "throttle_position": 23.52941176470588, "time": "2022-01-22T15:27:15.521278Z", "runtime_since_engine_start": 312, "engine_speed": 1202.5}