{"ambient_air_temperature": 27, "vehicle_speed": 22, "throttle_position": 13.72549019607843, "time": "2022-01-22T15:29:46.503887Z", "runtime_since_engine_start": 463, "engine_speed": 1095.0}