{"ambient_air_temperature": 26, "vehicle_speed": 8, "throttle_position": 13.333333333333334, "time": "2022-01-22T15:22:46.301680Z", "runtime_since_engine_start": 42, "engine_speed": 956.0}