{"ambient_air_temperature": 25, "vehicle_speed": 44, "throttle_position": 20.784313725490197, "time": "2022-01-22T15:34:08.027342Z", "runtime_since_engine_start": 724, "engine_speed": 2005.5}