{"ambient_air_temperature": 25, "vehicle_speed": 47, "throttle_position": 21.56862745098039, "time": "2022-01-22T15:34:22.152946Z", "runtime_since_engine_start": 738, "engine_speed": 2123.0}