{"ambient_air_temperature": 27, "vehicle_speed": 32, "throttle_position": 37.254901960784316, "time": "2022-01-22T15:24:40.363029Z", "runtime_since_engine_start": 156, "engine_speed": 2131.0}