{"ambient_air_temperature": 25, "vehicle_speed": 49, "throttle_position": 25.098039215686274, "time": "2022-01-22T15:32:56.937346Z", "runtime_since_engine_start": 653, "engine_speed": 2228.0}