{"ambient_air_temperature": 26, "vehicle_speed": 48, "throttle_position": 19.215686274509803, "time": "2022-01-22T15:31:59.810038Z", "runtime_since_engine_start": 596, "engine_speed": 2172.0}