{"ambient_air_temperature": 27, "vehicle_speed": 51, "throttle_position": 12.549019607843137, "time": "2022-01-22T15:24:56.088652Z", "runtime_since_engine_start": 172, "engine_speed": 1798.5}