{"ambient_air_temperature": 27, "vehicle_speed": 8, "throttle_position": 12.549019607843137, "time": "2022-01-22T15:27:49.778371Z", "runtime_since_engine_start": 346, "engine_speed": 844.5}