{"ambient_air_temperature": 21, "vehicle_speed": 14, "throttle_position": 12.156862745098039, "time": "2022-01-22T15:38:36.537963Z", "runtime_since_engine_start": 993, "engine_speed": 822.0}