{"ambient_air_temperature": 27, "vehicle_speed": 38, "throttle_position": 22.745098039215687, "time": "2022-01-22T15:28:59.475045Z", "runtime_since_engine_start": 415, "engine_speed": 1742.0}