{"ambient_air_temperature": 26, "vehicle_speed": 7, "throttle_position": 16.470588235294116, "time": "2022-01-22T15:22:43.434553Z", "runtime_since_engine_start": 39, "engine_speed": 1047.0}