{"ambient_air_temperature": 27, "vehicle_speed": 0, "throttle_position": 22.745098039215687, "time": "2022-01-22T15:29:34.852608Z", "runtime_since_engine_start": 451, "engine_speed": 1937.0}