{"ambient_air_temperature": 27, "vehicle_speed": 22, "throttle_position": 16.470588235294116, "time": "2022-01-22T15:30:34.674437Z", "runtime_since_engine_start": 511, "engine_speed": 1449.5}