{"ambient_air_temperature": 27, "vehicle_speed": 0, "throttle_position": 16.470588235294116, "time": "2022-01-22T15:30:27.858294Z", "runtime_since_engine_start": 504, "engine_speed": 1130.5}