{"ambient_air_temperature": 24, "vehicle_speed": 31, "throttle_position": 16.07843137254902, "time": "2022-01-22T15:36:57.767422Z", "runtime_since_engine_start": 894, "engine_speed": 2077.5}