{"ambient_air_temperature": 27, "vehicle_speed": 55, "throttle_position": 12.941176470588236, "time": "2022-01-22T15:24:53.168788Z", "runtime_since_engine_start": 169, "engine_speed": 2235.0}