{"ambient_air_temperature": 27, "vehicle_speed": 33, "throttle_position": 15.686274509803921, "time": "2022-01-22T15:28:54.699249Z", "runtime_since_engine_start": 411, "engine_speed": 1510.0}