{"ambient_air_temperature": 25, "vehicle_speed": 39, "throttle_position": 23.92156862745098, "time": "2022-01-22T15:34:05.123216Z", "runtime_since_engine_start": 721, "engine_speed": 2584.5}