{"ambient_air_temperature": 27, "vehicle_speed": 19, "throttle_position": 30.19607843137255, "time": "2022-01-22T15:26:52.113489Z", "runtime_since_engine_start": 288, "engine_speed": 2550.0}