{"ambient_air_temperature": 26, "vehicle_speed": 5, "throttle_position": 12.156862745098039, "time": "2022-01-22T15:33:45.728915Z", "runtime_since_engine_start": 702, "engine_speed": 751.0}