{"ambient_air_temperature": 27, "vehicle_speed": 42, "throttle_position": 12.156862745098039, "time": "2022-01-22T15:25:05.452314Z", "runtime_since_engine_start": 181, "engine_speed": 1477.0}