{"ambient_air_temperature": 26, "vehicle_speed": 0, "throttle_position": 12.156862745098039, "time": "2022-01-22T15:32:25.802017Z", "runtime_since_engine_start": 622, "engine_speed": 837.0}