{"ambient_air_temperature": 23, "vehicle_speed": 23, "throttle_position": 14.901960784313726, "time": "2022-01-22T15:36:07.491014Z", "runtime_since_engine_start": 844, "engine_speed": 1566.5}