{"ambient_air_temperature": 27, "vehicle_speed": 31, "throttle_position": 15.686274509803921, "time": "2022-01-22T15:30:56.221230Z", "runtime_since_engine_start": 532, "engine_speed": 2091.5}