{"ambient_air_temperature": 22, "vehicle_speed": 53, "throttle_position": 27.058823529411764, "time": "2022-01-22T15:35:51.604706Z", "runtime_since_engine_start": 828, "engine_speed": 2387.5}