{"ambient_air_temperature": 26, "vehicle_speed": 10, "throttle_position": 13.72549019607843, "time": "2022-01-22T15:22:44.130076Z", "runtime_since_engine_start": 40, "engine_speed": 1316.0}