{"ambient_air_temperature": 27, "vehicle_speed": 29, "throttle_position": 21.176470588235293, "time": "2022-01-22T15:30:42.922918Z", "runtime_since_engine_start": 519, "engine_speed": 1929.5}