{"ambient_air_temperature": 25, "vehicle_speed": 48, "throttle_position": 21.176470588235293, "time": "2022-01-22T15:34:23.237982Z", "runtime_since_engine_start": 739, "engine_speed": 2194.5}