{"ambient_air_temperature": 27, "vehicle_speed": 7, "throttle_position": 14.509803921568627, "time": "2022-01-22T15:26:48.887857Z", "runtime_since_engine_start": 285, "engine_speed": 1365.5}