{"ambient_air_temperature": 27, "vehicle_speed": 13, "throttle_position": 12.549019607843137, "time": "2022-01-22T15:27:47.860134Z", "runtime_since_engine_start": 344, "engine_speed": 819.5}