{"ambient_air_temperature": 24, "vehicle_speed": 53, "throttle_position": 26.274509803921568, "time": "2022-01-22T15:35:04.101844Z", "runtime_since_engine_start": 780, "engine_speed": 2381.0}