{"ambient_air_temperature": 21, "vehicle_speed": 57, "throttle_position": 14.117647058823529, "time": "2022-01-22T15:38:09.005403Z", "runtime_since_engine_start": 965, "engine_speed": 2583.0}