{"ambient_air_temperature": 26, "vehicle_speed": 24, "throttle_position": 27.84313725490196, "time": "2022-01-22T15:32:45.781457Z", "runtime_since_engine_start": 642, "engine_speed": 1608.5}