{"ambient_air_temperature": 23, "vehicle_speed": 21, "throttle_position": 11.76470588235294, "time": "2022-01-22T15:36:16.747366Z", "runtime_since_engine_start": 853, "engine_speed": 1382.5}