{"ambient_air_temperature": 25, "vehicle_speed": 38, "throttle_position": 15.686274509803921, "time": "2022-01-22T15:34:15.778927Z", "runtime_since_engine_start": 732, "engine_speed": 1731.5}