{"ambient_air_temperature": 22, "vehicle_speed": 28, "throttle_position": 12.156862745098039, "time": "2022-01-22T15:35:59.742323Z", "runtime_since_engine_start": 836, "engine_speed": 846.5}