{"ambient_air_temperature": 27, "vehicle_speed": 20, "throttle_position": 16.07843137254902, "time": "2022-01-22T15:28:32.611265Z", "runtime_since_engine_start": 389, "engine_speed": 1282.0}