{"ambient_air_temperature": 24, "vehicle_speed": 20, "throttle_position": 61.17647058823529, "time": "2022-01-22T15:35:32.973305Z", "runtime_since_engine_start": 809, "engine_speed": 1345.0}