{"ambient_air_temperature": 25, "vehicle_speed": 49, "throttle_position": 16.862745098039216, "time": "2022-01-22T15:34:23.606716Z", "runtime_since_engine_start": 740, "engine_speed": 2197.5}