{"ambient_air_temperature": 27, "vehicle_speed": 0, "throttle_position": 12.156862745098039, "time": "2022-01-22T15:23:42.529339Z", "runtime_since_engine_start": 99, "engine_speed": 843.5}