{"ambient_air_temperature": 27, "vehicle_speed": 7, "throttle_position": 15.686274509803921, "time": "2022-01-22T15:27:26.993520Z", "runtime_since_engine_start": 323, "engine_speed": 954.5}