{"ambient_air_temperature": 27, "vehicle_speed": 39, "throttle_position": 15.686274509803921, "time": "2022-01-22T15:31:20.421844Z", "runtime_since_engine_start": 556, "engine_speed": 2581.5}