{"ambient_air_temperature": 27, "vehicle_speed": 27, "throttle_position": 22.352941176470587, "time": "2022-01-22T15:30:36.927630Z", "runtime_since_engine_start": 513, "engine_speed": 1832.5}