{"ambient_air_temperature": 21, "vehicle_speed": 64, "throttle_position": 25.88235294117647, "time": "2022-01-22T15:38:25.003810Z", "runtime_since_engine_start": 981, "engine_speed": 2276.5}