{"ambient_air_temperature": 21, "vehicle_speed": 7, "throttle_position": 12.941176470588236, "time": "2022-01-22T15:39:06.113512Z", "runtime_since_engine_start": 1022, "engine_speed": 840.5}