{"ambient_air_temperature": 27, "vehicle_speed": 9, "throttle_position": 14.901960784313726, "time": "2022-01-22T15:27:27.743978Z", "runtime_since_engine_start": 324, "engine_speed": 1255.0}