{"ambient_air_temperature": 22, "vehicle_speed": 10, "throttle_position": 14.117647058823529, "time": "2022-01-22T15:38:40.271189Z", "runtime_since_engine_start": 996, "engine_speed": 2135.5}