{"ambient_air_temperature": 24, "vehicle_speed": 15, "throttle_position": 13.333333333333334, "time": "2022-01-22T15:36:33.844935Z", "runtime_since_engine_start": 870, "engine_speed": 1851.5}