{"ambient_air_temperature": 26, "vehicle_speed": 8, "throttle_position": 16.07843137254902, "time": "2022-01-22T15:22:50.510283Z", "runtime_since_engine_start": 47, "engine_speed": 1164.5}