{"ambient_air_temperature": 24, "vehicle_speed": 41, "throttle_position": 22.352941176470587, "time": "2022-01-22T15:37:26.023284Z", "runtime_since_engine_start": 922, "engine_speed": 1894.0}