{"ambient_air_temperature": 27, "vehicle_speed": 17, "throttle_position": 13.333333333333334, "time": "2022-01-22T15:30:31.768349Z", "runtime_since_engine_start": 508, "engine_speed": 2203.5}