{"ambient_air_temperature": 25, "vehicle_speed": 46, "throttle_position": 23.137254901960784, "time": "2022-01-22T15:34:21.774414Z", "runtime_since_engine_start": 738, "engine_speed": 2096.0}