{"ambient_air_temperature": 24, "vehicle_speed": 49, "throttle_position": 53.333333333333336, "time": "2022-01-22T15:35:39.716623Z", "runtime_since_engine_start": 816, "engine_speed": 2187.0}