{"ambient_air_temperature": 23, "vehicle_speed": 52, "throttle_position": 16.07843137254902, "time": "2022-01-22T15:37:33.793977Z", "runtime_since_engine_start": 930, "engine_speed": 2366.0}