{"ambient_air_temperature": 23, "vehicle_speed": 31, "throttle_position": 16.862745098039216, "time": "2022-01-22T15:36:57.035378Z", "runtime_since_engine_start": 893, "engine_speed": 2036.5}