{"ambient_air_temperature": 23, "vehicle_speed": 23, "throttle_position": 15.294117647058822, "time": "2022-01-22T15:36:07.856883Z", "runtime_since_engine_start": 844, "engine_speed": 1564.0}