{"ambient_air_temperature": 22, "vehicle_speed": 10, "throttle_position": 43.92156862745098, "time": "2022-01-22T15:38:42.879927Z", "runtime_since_engine_start": 999, "engine_speed": 1584.5}