{"ambient_air_temperature": 27, "vehicle_speed": 38, "throttle_position": 14.509803921568627, "time": "2022-01-22T15:29:12.716242Z", "runtime_since_engine_start": 429, "engine_speed": 1736.0}