{"ambient_air_temperature": 27, "vehicle_speed": 9, "throttle_position": 15.686274509803921, "time": "2022-01-22T15:26:49.601214Z", "runtime_since_engine_start": 286, "engine_speed": 1200.5}