{"ambient_air_temperature": 27, "vehicle_speed": 0, "throttle_position": 13.333333333333334, "time": "2022-01-22T15:26:35.055403Z", "runtime_since_engine_start": 271, "engine_speed": 1018.5}