{"ambient_air_temperature": 26, "vehicle_speed": 0, "throttle_position": 15.294117647058822, "time": "2022-01-22T15:33:44.194575Z", "runtime_since_engine_start": 700, "engine_speed": 666.5}