{"ambient_air_temperature": 27, "vehicle_speed": 55, "throttle_position": 14.901960784313726, "time": "2022-01-22T15:24:52.485217Z", "runtime_since_engine_start": 168, "engine_speed": 2493.0}