{"ambient_air_temperature": 27, "vehicle_speed": 27, "throttle_position": 12.549019607843137, "time": "2022-01-22T15:29:43.985780Z", "runtime_since_engine_start": 460, "engine_speed": 1789.5}