{"ambient_air_temperature": 24, "vehicle_speed": 4, "throttle_position": 12.156862745098039, "time": "2022-01-22T15:36:26.090649Z", "runtime_since_engine_start": 862, "engine_speed": 839.5}