{"ambient_air_temperature": 27, "vehicle_speed": 36, "throttle_position": 18.431372549019606, "time": "2022-01-22T15:28:43.238428Z", "runtime_since_engine_start": 399, "engine_speed": 1662.5}