{"ambient_air_temperature": 27, "vehicle_speed": 34, "throttle_position": 14.509803921568627, "time": "2022-01-22T15:30:47.728864Z", "runtime_since_engine_start": 524, "engine_speed": 2253.0}