{"ambient_air_temperature": 27, "vehicle_speed": 0, "throttle_position": 12.549019607843137, "time": "2022-01-22T15:23:35.437195Z", "runtime_since_engine_start": 91, "engine_speed": 859.0}