{"ambient_air_temperature": 27, "vehicle_speed": 44, "throttle_position": 16.470588235294116, "time": "2022-01-22T15:25:35.843658Z", "runtime_since_engine_start": 212, "engine_speed": 1543.5}