{"ambient_air_temperature": 27, "vehicle_speed": 25, "throttle_position": 12.156862745098039, "time": "2022-01-22T15:27:03.765762Z", "runtime_since_engine_start": 300, "engine_speed": 1668.0}