{"ambient_air_temperature": 22, "vehicle_speed": 33, "throttle_position": 11.76470588235294, "time": "2022-01-22T15:35:58.273648Z", "runtime_since_engine_start": 834, "engine_speed": 880.0}