{"ambient_air_temperature": 23, "vehicle_speed": 32, "throttle_position": 19.215686274509803, "time": "2022-01-22T15:36:47.623360Z", "runtime_since_engine_start": 884, "engine_speed": 2156.0}