{"ambient_air_temperature": 26, "vehicle_speed": 9, "throttle_position": 12.941176470588236, "time": "2022-01-22T15:22:45.949626Z", "runtime_since_engine_start": 42, "engine_speed": 1036.5}