{"ambient_air_temperature": 27, "vehicle_speed": 14, "throttle_position": 18.431372549019606, "time": "2022-01-22T15:27:39.919704Z", "runtime_since_engine_start": 336, "engine_speed": 1681.0}