{"ambient_air_temperature": 27, "vehicle_speed": 26, "throttle_position": 12.941176470588236, "time": "2022-01-22T15:23:20.797025Z", "runtime_since_engine_start": 77, "engine_speed": 1132.0}