{"ambient_air_temperature": 23, "vehicle_speed": 47, "throttle_position": 23.52941176470588, "time": "2022-01-22T15:37:28.614202Z", "runtime_since_engine_start": 925, "engine_speed": 2133.0}