{"ambient_air_temperature": 24, "vehicle_speed": 41, "throttle_position": 17.647058823529413, "time": "2022-01-22T15:37:16.107106Z", "runtime_since_engine_start": 912, "engine_speed": 1881.5}