{"ambient_air_temperature": 27, "vehicle_speed": 24, "throttle_position": 21.96078431372549, "time": "2022-01-22T15:30:35.797047Z", "runtime_since_engine_start": 512, "engine_speed": 1598.5}