{"ambient_air_temperature": 27, "vehicle_speed": 37, "throttle_position": 12.549019607843137, "time": "2022-01-22T15:29:15.629407Z", "runtime_since_engine_start": 432, "engine_speed": 1655.0}