{"ambient_air_temperature": 23, "vehicle_speed": 24, "throttle_position": 14.901960784313726, "time": "2022-01-22T15:36:08.228664Z", "runtime_since_engine_start": 844, "engine_speed": 1584.0}