{"ambient_air_temperature": 26, "vehicle_speed": 0, "throttle_position": 12.549019607843137, "time": "2022-01-22T15:32:27.281594Z", "runtime_since_engine_start": 623, "engine_speed": 843.5}