{"ambient_air_temperature": 27, "vehicle_speed": 52, "throttle_position": 21.56862745098039, "time": "2022-01-22T15:24:47.340924Z", "runtime_since_engine_start": 163, "engine_speed": 2347.5}