{"ambient_air_temperature": 25, "vehicle_speed": 45, "throttle_position": 71.76470588235294, "time": "2022-01-22T15:32:55.405156Z", "runtime_since_engine_start": 651, "engine_speed": 2032.5}