{"ambient_air_temperature": 27, "vehicle_speed": 34, "throttle_position": 14.509803921568627, "time": "2022-01-22T15:28:51.683101Z", "runtime_since_engine_start": 408, "engine_speed": 1563.0}