{"ambient_air_temperature": 24, "vehicle_speed": 50, "throttle_position": 83.92156862745098, "time": "2022-01-22T15:35:40.428766Z", "runtime_since_engine_start": 816, "engine_speed": 2256.5}