{"ambient_air_temperature": 23, "vehicle_speed": 50, "throttle_position": 86.27450980392156, "time": "2022-01-22T15:35:40.805643Z", "runtime_since_engine_start": 817, "engine_speed": 2273.0}