{"ambient_air_temperature": 27, "vehicle_speed": 46, "throttle_position": 25.49019607843137, "time": "2022-01-22T15:24:44.393517Z", "runtime_since_engine_start": 160, "engine_speed": 2061.0}