{"ambient_air_temperature": 27, "vehicle_speed": 0, "throttle_position": 12.549019607843137, "time": "2022-01-22T15:23:50.201481Z", "runtime_since_engine_start": 106, "engine_speed": 867.0}