{"ambient_air_temperature": 27, "vehicle_speed": 0, "throttle_position": 12.549019607843137, "time": "2022-01-22T15:24:27.821545Z", "runtime_since_engine_start": 144, "engine_speed": 865.0}