{"ambient_air_temperature": 27, "vehicle_speed": 14, "throttle_position": 12.549019607843137, "time": "2022-01-22T15:23:25.763659Z", "runtime_since_engine_start": 82, "engine_speed": 898.5}