{"ambient_air_temperature": 21, "vehicle_speed": 34, "throttle_position": 86.66666666666667, "time": "2022-01-22T15:38:48.106612Z", "runtime_since_engine_start": 1004, "engine_speed": 2304.5}