{"ambient_air_temperature": 26, "vehicle_speed": 16, "throttle_position": 17.647058823529413, "time": "2022-01-22T15:33:55.387543Z", "runtime_since_engine_start": 711, "engine_speed": 2008.0}