{"ambient_air_temperature": 27, "vehicle_speed": 19, "throttle_position": 24.705882352941178, "time": "2022-01-22T15:23:01.620292Z", "runtime_since_engine_start": 58, "engine_speed": 2360.0}