{"ambient_air_temperature": 25, "vehicle_speed": 35, "throttle_position": 12.156862745098039, "time": "2022-01-22T15:34:48.621703Z", "runtime_since_engine_start": 765, "engine_speed": 1574.5}