{"ambient_air_temperature": 25, "vehicle_speed": 19, "throttle_position": 12.156862745098039, "time": "2022-01-22T15:33:13.672643Z", "runtime_since_engine_start": 670, "engine_speed": 851.0}