{"ambient_air_temperature": 23, "vehicle_speed": 16, "throttle_position": 10.980392156862745, "time": "2022-01-22T15:36:18.946779Z", "runtime_since_engine_start": 855, "engine_speed": 1068.5}