{"ambient_air_temperature": 27, "vehicle_speed": 0, "throttle_position": 12.549019607843137, "time": "2022-01-22T15:26:22.555055Z", "runtime_since_engine_start": 259, "engine_speed": 841.0}