{"ambient_air_temperature": 25, "vehicle_speed": 19, "throttle_position": 11.76470588235294, "time": "2022-01-22T15:34:53.040687Z", "runtime_since_engine_start": 769, "engine_speed": 1275.5}