{"ambient_air_temperature": 25, "vehicle_speed": 49, "throttle_position": 16.470588235294116, "time": "2022-01-22T15:34:24.348773Z", "runtime_since_engine_start": 740, "engine_speed": 2220.0}