{"ambient_air_temperature": 21, "vehicle_speed": 5, "throttle_position": 12.156862745098039, "time": "2022-01-22T15:39:13.198616Z", "runtime_since_engine_start": 1029, "engine_speed": 808.0}