{"ambient_air_temperature": 23, "vehicle_speed": 43, "throttle_position": 12.941176470588236, "time": "2022-01-22T15:37:22.709937Z", "runtime_since_engine_start": 919, "engine_speed": 1922.5}