{"ambient_air_temperature": 26, "vehicle_speed": 17, "throttle_position": 14.117647058823529, "time": "2022-01-22T15:22:53.390502Z", "runtime_since_engine_start": 49, "engine_speed": 2077.5}