{"ambient_air_temperature": 27, "vehicle_speed": 35, "throttle_position": 14.509803921568627, "time": "2022-01-22T15:25:12.036959Z", "runtime_since_engine_start": 188, "engine_speed": 1226.5}