{"ambient_air_temperature": 27, "vehicle_speed": 35, "throttle_position": 15.294117647058822, "time": "2022-01-22T15:25:12.772600Z", "runtime_since_engine_start": 189, "engine_speed": 1254.0}