{"ambient_air_temperature": 25, "vehicle_speed": 41, "throttle_position": 12.549019607843137, "time": "2022-01-22T15:34:45.193958Z", "runtime_since_engine_start": 761, "engine_speed": 1877.5}