{"ambient_air_temperature": 22, "vehicle_speed": 52, "throttle_position": 14.901960784313726, "time": "2022-01-22T15:37:48.409587Z", "runtime_since_engine_start": 944, "engine_speed": 2357.0}