{"ambient_air_temperature": 21, "vehicle_speed": 4, "throttle_position": 11.76470588235294, "time": "2022-01-22T15:39:13.579161Z", "runtime_since_engine_start": 1030, "engine_speed": 847.0}