{"ambient_air_temperature": 27, "vehicle_speed": 8, "throttle_position": 12.549019607843137, "time": "2022-01-22T15:27:33.608155Z", "runtime_since_engine_start": 330, "engine_speed": 898.5}