{"ambient_air_temperature": 27, "vehicle_speed": 25, "throttle_position": 26.274509803921568, "time": "2022-01-22T15:29:40.968843Z", "runtime_since_engine_start": 457, "engine_speed": 1666.0}