{"ambient_air_temperature": 27, "vehicle_speed": 39, "throttle_position": 57.254901960784316, "time": "2022-01-22T15:24:41.833784Z", "runtime_since_engine_start": 158, "engine_speed": 2636.0}