{"ambient_air_temperature": 22, "vehicle_speed": 8, "throttle_position": 21.96078431372549, "time": "2022-01-22T15:38:42.166706Z", "runtime_since_engine_start": 998, "engine_speed": 1110.0}