{"ambient_air_temperature": 23, "vehicle_speed": 26, "throttle_position": 16.470588235294116, "time": "2022-01-22T15:36:11.662485Z", "runtime_since_engine_start": 848, "engine_speed": 1734.5}