{"ambient_air_temperature": 25, "vehicle_speed": 26, "throttle_position": 26.666666666666668, "time": "2022-01-22T15:34:56.380800Z", "runtime_since_engine_start": 772, "engine_speed": 1784.5}