{"ambient_air_temperature": 21, "vehicle_speed": 60, "throttle_position": 12.156862745098039, "time": "2022-01-22T15:38:28.739958Z", "runtime_since_engine_start": 985, "engine_speed": 925.5}