{"ambient_air_temperature": 25, "vehicle_speed": 0, "throttle_position": 13.333333333333334, "time": "2022-01-22T15:22:28.277453Z", "runtime_since_engine_start": 24, "engine_speed": 865.0}