{"ambient_air_temperature": 27, "vehicle_speed": 42, "throttle_position": 12.549019607843137, "time": "2022-01-22T15:25:05.082626Z", "runtime_since_engine_start": 181, "engine_speed": 1502.5}