{"ambient_air_temperature": 27, "vehicle_speed": 40, "throttle_position": 17.254901960784313, "time": "2022-01-22T15:31:04.998184Z", "runtime_since_engine_start": 541, "engine_speed": 2637.0}