{"ambient_air_temperature": 22, "vehicle_speed": 30, "throttle_position": 21.96078431372549, "time": "2022-01-22T15:37:55.208534Z", "runtime_since_engine_start": 951, "engine_speed": 1432.5}