{"ambient_air_temperature": 27, "vehicle_speed": 37, "throttle_position": 12.156862745098039, "time": "2022-01-22T15:28:45.131119Z", "runtime_since_engine_start": 401, "engine_speed": 1682.0}