{"ambient_air_temperature": 21, "vehicle_speed": 6, "throttle_position": 14.117647058823529, "time": "2022-01-22T15:39:06.473089Z", "runtime_since_engine_start": 1023, "engine_speed": 880.5}