{"ambient_air_temperature": 25, "vehicle_speed": 22, "throttle_position": 12.156862745098039, "time": "2022-01-22T15:34:52.300260Z", "runtime_since_engine_start": 768, "engine_speed": 1477.0}