{"ambient_air_temperature": 27, "vehicle_speed": 9, "throttle_position": 13.333333333333334, "time": "2022-01-22T15:26:49.265815Z", "runtime_since_engine_start": 285, "engine_speed": 1069.5}