{"ambient_air_temperature": 27, "vehicle_speed": 41, "throttle_position": 12.156862745098039, "time": "2022-01-22T15:25:05.783854Z", "runtime_since_engine_start": 182, "engine_speed": 1477.5}