{"ambient_air_temperature": 27, "vehicle_speed": 35, "throttle_position": 17.254901960784313, "time": "2022-01-22T15:31:00.549318Z", "runtime_since_engine_start": 537, "engine_speed": 2340.5}