{"ambient_air_temperature": 27, "vehicle_speed": 6, "throttle_position": 16.07843137254902, "time": "2022-01-22T15:30:28.240173Z", "runtime_since_engine_start": 504, "engine_speed": 925.5}