{"ambient_air_temperature": 21, "vehicle_speed": 49, "throttle_position": 86.66666666666667, "time": "2022-01-22T15:38:03.790674Z", "runtime_since_engine_start": 960, "engine_speed": 2214.0}