{"ambient_air_temperature": 27, "vehicle_speed": 10, "throttle_position": 12.156862745098039, "time": "2022-01-22T15:30:14.639036Z", "runtime_since_engine_start": 491, "engine_speed": 840.5}