{"ambient_air_temperature": 25, "vehicle_speed": 43, "throttle_position": 10.980392156862745, "time": "2022-01-22T15:34:12.098807Z", "runtime_since_engine_start": 728, "engine_speed": 1968.5}