{"ambient_air_temperature": 27, "vehicle_speed": 40, "throttle_position": 14.117647058823529, "time": "2022-01-22T15:25:43.087007Z", "runtime_since_engine_start": 219, "engine_speed": 1424.0}