{"ambient_air_temperature": 21, "vehicle_speed": 7, "throttle_position": 12.941176470588236, "time": "2022-01-22T15:39:12.839879Z", "runtime_since_engine_start": 1029, "engine_speed": 804.5}