{"ambient_air_temperature": 27, "vehicle_speed": 23, "throttle_position": 13.333333333333334, "time": "2022-01-22T15:29:55.982765Z", "runtime_since_engine_start": 472, "engine_speed": 2379.0}