{"ambient_air_temperature": 27, "vehicle_speed": 29, "throttle_position": 14.117647058823529, "time": "2022-01-22T15:27:01.251043Z", "runtime_since_engine_start": 297, "engine_speed": 1920.5}