{"ambient_air_temperature": 25, "vehicle_speed": 18, "throttle_position": 17.254901960784313, "time": "2022-01-22T15:34:53.794257Z", "runtime_since_engine_start": 770, "engine_speed": 1268.0}