{"ambient_air_temperature": 27, "vehicle_speed": 39, "throttle_position": 18.823529411764707, "time": "2022-01-22T15:25:28.107391Z", "runtime_since_engine_start": 204, "engine_speed": 1393.0}