{"ambient_air_temperature": 23, "vehicle_speed": 45, "throttle_position": 12.941176470588236, "time": "2022-01-22T15:37:21.248452Z", "runtime_since_engine_start": 917, "engine_speed": 2019.5}