{"ambient_air_temperature": 27, "vehicle_speed": 14, "throttle_position": 19.607843137254903, "time": "2022-01-22T15:23:00.552512Z", "runtime_since_engine_start": 57, "engine_speed": 1814.5}