{"ambient_air_temperature": 27, "vehicle_speed": 36, "throttle_position": 17.647058823529413, "time": "2022-01-22T15:25:09.818154Z", "runtime_since_engine_start": 186, "engine_speed": 1294.5}