{"ambient_air_temperature": 26, "vehicle_speed": 0, "throttle_position": 12.549019607843137, "time": "2022-01-22T15:32:33.287696Z", "runtime_since_engine_start": 629, "engine_speed": 846.0}