{"ambient_air_temperature": 21, "vehicle_speed": 23, "throttle_position": 45.490196078431374, "time": "2022-01-22T15:38:45.804248Z", "runtime_since_engine_start": 1002, "engine_speed": 1568.0}