{"ambient_air_temperature": 26, "vehicle_speed": 16, "throttle_position": 16.862745098039216, "time": "2022-01-22T15:22:53.026913Z", "runtime_since_engine_start": 49, "engine_speed": 1984.5}