{"ambient_air_temperature": 24, "vehicle_speed": 44, "throttle_position": 12.941176470588236, "time": "2022-01-22T15:35:14.550762Z", "runtime_since_engine_start": 791, "engine_speed": 2009.5}