{"ambient_air_temperature": 27, "vehicle_speed": 43, "throttle_position": 23.92156862745098, "time": "2022-01-22T15:25:30.689914Z", "runtime_since_engine_start": 207, "engine_speed": 1546.5}