{"ambient_air_temperature": 27, "vehicle_speed": 42, "throttle_position": 12.156862745098039, "time": "2022-01-22T15:25:39.131447Z", "runtime_since_engine_start": 215, "engine_speed": 1505.5}