{"ambient_air_temperature": 27, "vehicle_speed": 0, "throttle_position": 22.352941176470587, "time": "2022-01-22T15:28:29.351977Z", "runtime_since_engine_start": 385, "engine_speed": 2152.0}