{"ambient_air_temperature": 27, "vehicle_speed": 9, "throttle_position": 16.07843137254902, "time": "2022-01-22T15:30:28.920329Z", "runtime_since_engine_start": 505, "engine_speed": 1282.5}