{"ambient_air_temperature": 27, "vehicle_speed": 5, "throttle_position": 15.686274509803921, "time": "2022-01-22T15:26:48.520089Z", "runtime_since_engine_start": 285, "engine_speed": 1968.5}