{"ambient_air_temperature": 25, "vehicle_speed": 38, "throttle_position": 18.823529411764707, "time": "2022-01-22T15:34:16.897889Z", "runtime_since_engine_start": 733, "engine_speed": 1750.5}