{"ambient_air_temperature": 26, "vehicle_speed": 2, "throttle_position": 12.156862745098039, "time": "2022-01-22T15:32:16.176784Z", "runtime_since_engine_start": 612, "engine_speed": 835.5}