{"ambient_air_temperature": 21, "vehicle_speed": 54, "throttle_position": 30.980392156862745, "time": "2022-01-22T15:38:06.051136Z", "runtime_since_engine_start": 962, "engine_speed": 2452.5}