{"ambient_air_temperature": 23, "vehicle_speed": 52, "throttle_position": 86.66666666666667, "time": "2022-01-22T15:35:45.655705Z", "runtime_since_engine_start": 822, "engine_speed": 2373.5}