{"ambient_air_temperature": 25, "vehicle_speed": 5, "throttle_position": 12.549019607843137, "time": "2022-01-22T15:33:17.010451Z", "runtime_since_engine_start": 673, "engine_speed": 839.0}