{"ambient_air_temperature": 26, "vehicle_speed": 0, "throttle_position": 12.549019607843137, "time": "2022-01-22T15:33:38.737918Z", "runtime_since_engine_start": 695, "engine_speed": 849.5}