{"ambient_air_temperature": 27, "vehicle_speed": 22, "throttle_position": 12.156862745098039, "time": "2022-01-22T15:30:10.633454Z", "runtime_since_engine_start": 487, "engine_speed": 858.5}