{"ambient_air_temperature": 27, "vehicle_speed": 33, "throttle_position": 12.549019607843137, "time": "2022-01-22T15:28:41.353959Z", "runtime_since_engine_start": 397, "engine_speed": 1310.0}