{"ambient_air_temperature": 27, "vehicle_speed": 33, "throttle_position": 12.549019607843137, "time": "2022-01-22T15:23:15.066638Z", "runtime_since_engine_start": 71, "engine_speed": 1496.0}