{"ambient_air_temperature": 27, "vehicle_speed": 40, "throttle_position": 15.686274509803921, "time": "2022-01-22T15:31:25.828185Z", "runtime_since_engine_start": 562, "engine_speed": 2653.5}