{"ambient_air_temperature": 27, "vehicle_speed": 40, "throttle_position": 14.509803921568627, "time": "2022-01-22T15:25:42.345519Z", "runtime_since_engine_start": 218, "engine_speed": 1440.5}