{"ambient_air_temperature": 25, "vehicle_speed": 36, "throttle_position": 21.56862745098039, "time": "2022-01-22T15:34:04.024110Z", "runtime_since_engine_start": 720, "engine_speed": 2391.0}