{"ambient_air_temperature": 27, "vehicle_speed": 21, "throttle_position": 17.647058823529413, "time": "2022-01-22T15:28:32.950358Z", "runtime_since_engine_start": 389, "engine_speed": 1474.0}