{"ambient_air_temperature": 25, "vehicle_speed": 17, "throttle_position": 12.156862745098039, "time": "2022-01-22T15:33:14.049354Z", "runtime_since_engine_start": 670, "engine_speed": 833.5}