{"ambient_air_temperature": 27, "vehicle_speed": 24, "throttle_position": 19.215686274509803, "time": "2022-01-22T15:29:57.419340Z", "runtime_since_engine_start": 473, "engine_speed": 1600.0}