{"ambient_air_temperature": 22, "vehicle_speed": 39, "throttle_position": 86.66666666666667, "time": "2022-01-22T15:37:59.626103Z", "runtime_since_engine_start": 956, "engine_speed": 1795.0}