{"ambient_air_temperature": 24, "vehicle_speed": 40, "throttle_position": 12.549019607843137, "time": "2022-01-22T15:35:16.026014Z", "runtime_since_engine_start": 792, "engine_speed": 1822.0}