{"ambient_air_temperature": 24, "vehicle_speed": 46, "throttle_position": 14.509803921568627, "time": "2022-01-22T15:35:13.864769Z", "runtime_since_engine_start": 790, "engine_speed": 2055.0}