{"ambient_air_temperature": 25, "vehicle_speed": 31, "throttle_position": 12.549019607843137, "time": "2022-01-22T15:34:50.437350Z", "runtime_since_engine_start": 766, "engine_speed": 1049.5}