{"ambient_air_temperature": 23, "vehicle_speed": 32, "throttle_position": 14.509803921568627, "time": "2022-01-22T15:36:50.555103Z", "runtime_since_engine_start": 887, "engine_speed": 2136.5}