{"ambient_air_temperature": 27, "vehicle_speed": 30, "throttle_position": 14.117647058823529, "time": "2022-01-22T15:28:37.677770Z", "runtime_since_engine_start": 394, "engine_speed": 2011.5}