{"ambient_air_temperature": 26, "vehicle_speed": 19, "throttle_position": 25.098039215686274, "time": "2022-01-22T15:32:44.309308Z", "runtime_since_engine_start": 640, "engine_speed": 1308.5}