{"ambient_air_temperature": 27, "vehicle_speed": 27, "throttle_position": 16.470588235294116, "time": "2022-01-22T15:29:58.540611Z", "runtime_since_engine_start": 475, "engine_speed": 1824.0}