{"ambient_air_temperature": 24, "vehicle_speed": 48, "throttle_position": 14.509803921568627, "time": "2022-01-22T15:35:01.200142Z", "runtime_since_engine_start": 777, "engine_speed": 2995.0}