{"ambient_air_temperature": 27, "vehicle_speed": 11, "throttle_position": 16.470588235294116, "time": "2022-01-22T15:30:29.265930Z", "runtime_since_engine_start": 505, "engine_speed": 1436.0}