{"ambient_air_temperature": 27, "vehicle_speed": 35, "throttle_position": 10.980392156862745, "time": "2022-01-22T15:25:14.160248Z", "runtime_since_engine_start": 190, "engine_speed": 1255.5}