{"ambient_air_temperature": 27, "vehicle_speed": 43, "throttle_position": 12.156862745098039, "time": "2022-01-22T15:24:59.726309Z", "runtime_since_engine_start": 176, "engine_speed": 1533.5}