{"ambient_air_temperature": 27, "vehicle_speed": 50, "throttle_position": 12.941176470588236, "time": "2022-01-22T15:24:56.477980Z", "runtime_since_engine_start": 172, "engine_speed": 1783.0}