{"ambient_air_temperature": 27, "vehicle_speed": 41, "throttle_position": 14.509803921568627, "time": "2022-01-22T15:31:15.663672Z", "runtime_since_engine_start": 552, "engine_speed": 2758.5}